"occup_isco","complementarity_theta","aioe_lm","aioe_img","aioe_all","c_aioe","caioe_w50","communication","responsibility","physical_condition","criticality","routine","skills","median_theta","median_aioe_all","isco08lab"
"0000",NA,NA,NA,NA,NA,NA,NA,NA,NA,NA,NA,NA,NA,NA,"Armed forces occupations"
"0100",NA,NA,NA,NA,NA,NA,NA,NA,NA,NA,NA,NA,NA,NA,"Commissioned armed forces officers"
"0110",NA,NA,NA,NA,NA,NA,NA,NA,NA,NA,NA,NA,NA,NA,"Commissioned armed forces officers"
"0200",NA,NA,NA,NA,NA,NA,NA,NA,NA,NA,NA,NA,NA,NA,"Non-commissioned armed forces officers"
"0210",NA,NA,NA,NA,NA,NA,NA,NA,NA,NA,NA,NA,NA,NA,"Non-commissioned armed forces officers"
"0300",NA,NA,NA,NA,NA,NA,NA,NA,NA,NA,NA,NA,NA,NA,"Armed forces occupations, other ranks"
"0310",NA,NA,NA,NA,NA,NA,NA,NA,NA,NA,NA,NA,NA,NA,"Armed forces occupations, other ranks"
"1000",0.6461731,0.6596876,0.5749643,6.429055,4.266389,5.347722,69.70559,72.7485,40.61576,70.84901,54.16285,79.62212,0.5758333,6.001781,"Managers"
"1100",0.6780823,0.6691245,0.5759542,6.462986,4.080187,5.271586,73.25639,74.43555,39.04195,75.07685,57.90528,87.13333,0.5758333,6.001781,"Chief executives, senior officials and legislators"
"1110",0.6750681,0.6686383,0.5762799,6.462476,4.0996,5.281038,73.07049,74.04445,39.20868,74.70023,57.60035,86.41666,0.5758333,6.001781,"Legislators and senior officials"
"1111",0.6913056,0.6602622,0.5691584,6.3965,3.952568,5.174533,73.6,79.6,38.825,78.08334,58.675,86,0.5758333,6.001781,"Legislators"
"1112",0.6831481,0.6684382,0.5800333,6.476419,4.054851,5.265635,73.83334,76.5,41.41667,75.05556,56.41667,86.66666,0.5758333,6.001781,"Senior government officials"
"1113",0.6892639,0.6791753,0.5787715,6.516422,4.040003,5.278213,74.3,73.3,38.0375,75.45834,59.4625,93,0.5758333,6.001781,"Traditional chiefs and heads of villages"
"1114",0.6365548,0.6666775,0.5771563,6.460561,4.350981,5.405771,70.54861,66.77778,38.55556,70.2037,55.84722,80,0.5758333,6.001781,"Senior officials of special-interest organizations"
"1120",0.6901389,0.6710696,0.5746516,6.465027,4.002531,5.233779,74,76,38.375,76.58334,59.125,90,0.5758333,6.001781,"Managing directors and chief executives"
"1200",0.6051954,0.6830393,0.5848292,6.570687,4.627417,5.599052,69.67312,60.89484,33.81945,65.71693,53.72718,79.28571,0.5758333,6.001781,"Administrative and commercial managers"
"1210",0.6056775,0.6825766,0.580799,6.558815,4.616207,5.587511,69.5217,64.40972,32.19444,67.87268,52.74132,76.66666,0.5758333,6.001781,"Business services and administration managers"
"1211",0.5949074,0.6968591,0.5889213,6.686476,4.775877,5.731176,68.83334,64.16666,24.16667,70.44444,49.33334,80,0.5758333,6.001781,"Finance managers"
"1212",0.5946296,0.7048239,0.5781957,6.621023,4.730791,5.675907,70.33334,60.83333,23.33333,67.44444,54.83333,80,0.5758333,6.001781,"Human resource managers"
"1213",0.6264236,0.6639395,0.579565,6.471066,4.418076,5.444571,68.3125,64,40,68.16666,55.375,80,0.5758333,6.001781,"Policy and planning managers"
"1219",0.6067497,0.6646839,0.5765141,6.456695,4.540085,5.49839,70.60764,68.63889,41.27778,65.43519,51.42361,66.66666,0.5758333,6.001781,"Business services and administration managers not elsewhere classified"
"1220",0.6045524,0.6836563,0.5902027,6.586516,4.642364,5.61444,69.875,56.20833,35.98611,62.84259,55.04167,82.77778,0.5758333,6.001781,"Sales, marketing and development managers"
"1221",0.5844445,0.6929427,0.5883993,6.616349,4.794737,5.705543,71.5,50,33.5,61.66667,54,80,0.5758333,6.001781,"Sales and marketing managers"
"1222",0.5959259,0.6911409,0.5935714,6.61747,4.71975,5.668611,69.16667,52.66666,38.83334,62.55556,54.33334,80,0.5758333,6.001781,"Advertising and public relations managers"
"1223",0.633287,0.6668851,0.5886376,6.52573,4.412602,5.469166,68.95833,65.95833,35.625,64.30556,56.79166,88.33333,0.5758333,6.001781,"Research and development managers"
"1300",0.6561175,0.6530408,0.5740057,6.399325,4.184288,5.291807,67.9222,75.78657,44.95663,71.30952,53.15136,80.54422,0.5758333,6.001781,"Production and specialized services managers"
"1310",0.6908333,0.5724819,0.5554238,5.975272,3.69471,4.834991,59.5,77.5,75.5,68,54,80,0.5758333,6.001781,"Production managers in agriculture, forestry and fisheries"
"1311",0.6908333,0.5724819,0.5554238,5.975272,3.69471,4.834991,59.5,77.5,75.5,68,54,80,0.5758333,6.001781,"Agricultural and forestry production managers"
"1312",0.6908333,0.5724819,0.5554238,5.975272,3.69471,4.834991,59.5,77.5,75.5,68,54,80,0.5758333,6.001781,"Aquaculture and fisheries production managers"
"1320",0.6740067,0.6460742,0.5820772,6.420182,4.078557,5.24937,69.77455,79.10715,50.91071,73.875,52.16518,78.57143,0.5758333,6.001781,"Manufacturing, mining, construction and distribution managers"
"1321",0.6982143,0.6163759,0.5716943,6.26395,3.826975,5.045463,70.78571,90.42857,52.64286,78,52.78571,74.28571,0.5758333,6.001781,"Manufacturing managers"
"1322",0.6264236,0.6639395,0.579565,6.471066,4.418076,5.444571,68.3125,64,40,68.16666,55.375,80,0.5758333,6.001781,"Mining managers"
"1323",0.7269444,0.6405056,0.6023374,6.498469,3.783553,5.141011,72,86.5,65.5,77.66666,54.5,80,0.5758333,6.001781,"Construction managers"
"1324",0.6444444,0.6634759,0.5747122,6.447245,4.285627,5.366436,68,75.5,45.5,71.66666,46,80,0.5758333,6.001781,"Supply, distribution and related managers"
"1330",0.6019444,0.6669444,0.5875146,6.512313,4.605653,5.558983,59,69,22.5,75.66666,55,80,0.5758333,6.001781,"Information and communications technology services managers"
"1340",0.6437153,0.6780522,0.5727727,6.492424,4.32439,5.408407,70.54465,74.36905,36.03571,70.16666,53.20833,81.90476,0.5758333,6.001781,"Professional services managers"
"1341",0.705,0.6688377,0.5658594,6.412315,3.874107,5.143211,63.5,89,54,81,55.5,80,0.5758333,6.001781,"Child care services managers"
"1342",0.5811111,0.6986088,0.5767176,6.602647,4.807094,5.704871,69.5,71,25,58.66667,44.5,80,0.5758333,6.001781,"Health services managers"
"1343",0.6370834,0.6713299,0.5688181,6.448178,4.342359,5.395268,71.25,78,32.25,69.5,51.25,80,0.5758333,6.001781,"Aged care services managers"
"1344",0.6355556,0.6909266,0.5751393,6.555721,4.416007,5.485864,73.5,74,29.5,71.33334,53,80,0.5758333,6.001781,"Social welfare managers"
"1345",0.6768519,0.6822678,0.5683901,6.466944,4.086339,5.276641,76.83334,70,39.66667,67.11111,59.16667,93.33334,0.5758333,6.001781,"Education managers"
"1346",0.6439815,0.670455,0.5749199,6.490092,4.326751,5.408421,70.91667,74.58333,31.83333,75.38889,53.66667,80,0.5758333,6.001781,"Financial and insurance services branch managers"
"1349",0.6264236,0.6639395,0.579565,6.471066,4.418076,5.444571,68.3125,64,40,68.16666,55.375,80,0.5758333,6.001781,"Professional services managers not elsewhere classified"
"1400",0.6437882,0.6361691,0.5628477,6.28008,4.177038,5.228559,71.19375,79.15,39.55,72.51667,53.8625,70,0.5758333,6.001781,"Hospitality, retail and other services managers"
"1410",0.6322223,0.6085388,0.5485751,6.097879,4.123894,5.110887,72.75,87.25,39,70.33334,50,60,0.5758333,6.001781,"Hotel and restaurant managers"
"1411",0.6663889,0.6257649,0.5602412,6.215861,3.995417,5.105639,81.5,84.5,30,72.33334,51.5,80,0.5758333,6.001781,"Hotel managers"
"1412",0.5980556,0.5913127,0.536909,5.979898,4.252372,5.116135,64,90,48,68.33334,48.5,40,0.5758333,6.001781,"Restaurant managers"
"1420",0.6930556,0.644051,0.5609186,6.293708,3.877624,5.085666,73,85,39.5,80.33334,58,80,0.5758333,6.001781,"Retail and wholesale trade managers"
"1430",0.6307205,0.6598586,0.5780847,6.455467,4.379889,5.417677,68.73438,68.125,40.125,70.79166,55.65625,75,0.5758333,6.001781,"Other services managers"
"1431",0.6350173,0.6557776,0.5766045,6.439868,4.341701,5.390784,69.15625,72.25,40.25,73.41666,55.9375,70,0.5758333,6.001781,"Sports, recreation and cultural centre managers"
"1439",0.6264236,0.6639395,0.579565,6.471066,4.418076,5.444571,68.3125,64,40,68.16666,55.375,80,0.5758333,6.001781,"Services managers not elsewhere classified"
"2000",0.6001681,0.6589681,0.5778687,6.430421,4.563491,5.496956,67.08818,49.53289,38.54845,64.32269,55.38022,85.22844,0.5758333,6.001781,"Professionals"
"2100",0.5932813,0.6508681,0.5937284,6.477363,4.637647,5.557505,65.3802,52.09978,38.68291,60.05215,52.97979,86.77397,0.5758333,6.001781,"Science and engineering professionals"
"2110",0.576713,0.6599594,0.5920489,6.515377,4.773793,5.644585,65.41666,44.79167,34.25,55.44444,50.29166,95.83334,0.5758333,6.001781,"Physical and earth science professionals"
"2111",0.5704629,0.6728989,0.6017555,6.614495,4.885434,5.749965,68,40,25.66667,51.77778,56.83333,100,0.5758333,6.001781,"Physicists and astronomers"
"2112",0.5597222,0.6790084,0.5925406,6.601195,4.946659,5.773927,66,41,36.5,57.33333,45,90,0.5758333,6.001781,"Meteorologists"
"2113",0.5826852,0.6438266,0.588831,6.436358,4.676116,5.556237,63.33333,52.66667,33,59.77777,47.5,93.33334,0.5758333,6.001781,"Chemists"
"2114",0.5939814,0.6441037,0.5850683,6.409459,4.586964,5.498211,64.33334,45.5,41.83333,52.88889,51.83333,100,0.5758333,6.001781,"Geologists and geophysicists"
"2120",0.5339074,0.6908413,0.5942467,6.683638,5.181784,5.932711,62.8,31.76667,21.2,56.37778,53.53333,94.66666,0.5758333,6.001781,"Mathematicians, actuaries and statisticians"
"2130",0.6368955,0.6329244,0.5762805,6.313657,4.246549,5.280103,66.68045,56.95032,48.54124,61.42835,55.74637,92.7906,0.5758333,6.001781,"Life science professionals"
"2131",0.6311727,0.6520909,0.5830695,6.433201,4.364446,5.398823,66.37468,61.03846,37.91539,63.78504,52.0516,97.53846,0.5758333,6.001781,"Biologists, botanists, zoologists and related professionals"
"2132",0.6552778,0.6202007,0.5719981,6.231122,4.071278,5.1512,64.66666,58.5,55.83333,63.33334,57.5,93.33334,0.5758333,6.001781,"Farming, forestry and fisheries advisers"
"2133",0.6242362,0.6264815,0.573774,6.276647,4.303922,5.290284,69,51.3125,51.875,57.16667,57.6875,87.5,0.5758333,6.001781,"Environmental protection professionals"
"2140",0.6143383,0.661656,0.5997611,6.56531,4.561831,5.56357,67.05238,63.09827,41.22457,63.42085,51.56017,82.24675,0.5758333,6.001781,"Engineering professionals (excluding electrotechnology)"
"2141",0.6468056,0.6635195,0.5928552,6.541169,4.332615,5.436892,70.75,64.25,41,65.33334,56.75,90,0.5758333,6.001781,"Industrial and production engineers"
"2142",0.6136111,0.6653804,0.6053848,6.612184,4.599142,5.605663,66.25,57,46.75,67.66666,50.5,80,0.5758333,6.001781,"Civil engineers"
"2143",0.6068055,0.6754084,0.6031703,6.640196,4.663816,5.652006,65.75,64.75,47.75,55.33333,50.5,80,0.5758333,6.001781,"Environmental engineers"
"2144",0.6021991,0.6465629,0.5929037,6.46805,4.574767,5.521408,65.04166,56.08334,43.95833,63.69444,52.54167,80,0.5758333,6.001781,"Mechanical engineers"
"2145",0.6194444,0.6636018,0.6125057,6.639194,4.579199,5.609197,68,72.5,38,67.66666,45.5,80,0.5758333,6.001781,"Chemical engineers"
"2146",0.6099305,0.6637466,0.5978978,6.560246,4.586992,5.573619,66.75,64.125,34.125,61.33333,54.625,85,0.5758333,6.001781,"Mining engineers, metallurgists and related professionals"
"2149",0.601572,0.6533725,0.5936099,6.496131,4.596282,5.546206,66.825,62.97955,36.98864,62.91818,50.50455,80.72727,0.5758333,6.001781,"Engineering professionals not elsewhere classified"
"2150",0.5579398,0.6452519,0.588545,6.439147,4.836979,5.638063,60.375,46.20833,29.95833,61.05556,57.16667,80,0.5758333,6.001781,"Electrotechnology engineers"
"2151",0.5805556,0.6631828,0.5934908,6.542457,4.766907,5.654682,59,51.5,34,65.33334,58.5,80,0.5758333,6.001781,"Electrical engineers"
"2152",0.5384028,0.6474129,0.5889735,6.441413,4.966583,5.703999,60.875,44.875,27.625,57.16667,52.5,80,0.5758333,6.001781,"Electronics engineers"
"2153",0.5548611,0.62516,0.5831707,6.33357,4.777447,5.555508,61.25,42.25,28.25,60.66667,60.5,80,0.5758333,6.001781,"Telecommunications engineers"
"2160",0.5855197,0.6373393,0.5990391,6.415998,4.640528,5.528263,65.6875,48.0496,41.01984,58.6164,52.85913,85.07936,0.5758333,6.001781,"Architects, planners, surveyors and designers"
"2161",0.6355555,0.6382941,0.6158861,6.506584,4.382908,5.444746,66.5,55.5,47.5,62.33333,49.5,100,0.5758333,6.001781,"Building architects"
"2162",0.6005555,0.6576405,0.6003852,6.500835,4.606564,5.553699,68,56,49,57.33333,50,80,0.5758333,6.001781,"Landscape architects"
"2163",0.5467989,0.6218218,0.5924532,6.29408,4.796927,5.545504,60.5,46.04762,31.61905,61.03175,58.40476,70.47619,0.5758333,6.001781,"Product and garment designers"
"2164",0.6113889,0.6781063,0.59685,6.587888,4.596882,5.592385,77,40.5,38,47.33333,64,100,0.5758333,6.001781,"Town and traffic planners"
"2165",0.5750694,0.6010727,0.5857149,6.251631,4.595616,5.423624,62.625,47.5,52,60.66666,42.25,80,0.5758333,6.001781,"Cartographers and surveyors"
"2166",0.5437499,0.6271003,0.6029454,6.354967,4.864272,5.60962,59.5,42.75,28,63,53,80,0.5758333,6.001781,"Graphic and multimedia designers"
"2200",0.6934565,0.6270695,0.5627249,6.245574,3.850943,5.048258,65.09603,68.14484,45.97257,80.94978,58.5474,97.36327,0.5758333,6.001781,"Health professionals"
"2210",0.7124673,0.6563898,0.5696146,6.404229,3.82384,5.114035,62.17916,71.68958,44.34564,90.23056,59.03542,100,0.5758333,6.001781,"Medical doctors"
"2211",0.7134985,0.6691054,0.5738069,6.475639,3.857621,5.16663,60.32291,73.20833,45.47064,90.68056,58.41667,100,0.5758333,6.001781,"Generalist medical practitioners"
"2212",0.711436,0.6436743,0.5654224,6.33282,3.790058,5.061439,64.03542,70.17083,43.22064,89.78056,59.65417,100,0.5758333,6.001781,"Specialist medical practitioners"
"2220",0.7106204,0.6092193,0.5530555,6.128057,3.667965,4.89801,65.46667,69.08333,48.01667,89.82222,56.65,97.33333,0.5758333,6.001781,"Nursing and midwifery professionals"
"2221",0.7001296,0.6062632,0.5542619,6.132903,3.735142,4.934022,67.43333,70.66666,45.53333,86.97778,54.8,94.66666,0.5758333,6.001781,"Nursing professionals"
"2222",0.7211111,0.6121754,0.5518491,6.12321,3.600788,4.861999,63.5,67.5,50.5,92.66666,58.5,100,0.5758333,6.001781,"Midwifery professionals"
"2230",0.6613889,0.6441548,0.5716402,6.352185,4.114804,5.233494,60.5,57.16666,43.5,73.66666,62,100,0.5758333,6.001781,"Traditional and complementary medicine professionals"
"2240",0.7136111,0.5894936,0.5563875,6.076613,3.618961,4.847787,64.5,73,46.5,80.66666,63.5,100,0.5758333,6.001781,"Paramedical practitioners"
"2250",0.7352778,0.578837,0.5514907,6.000775,3.443778,4.722277,66,78.5,50,88.66666,58,100,0.5758333,6.001781,"Veterinarians"
"2260",0.6806743,0.6327924,0.564502,6.273683,3.950374,5.112029,66.2686,66.495,45.60799,76.39265,57.91752,95.72279,0.5758333,6.001781,"Other health professionals"
"2261",0.7605556,0.5673915,0.5589744,5.987839,3.285462,4.636651,67.625,91.375,48.75,86.58334,62,100,0.5758333,6.001781,"Dentists"
"2262",0.6819444,0.6348905,0.5671803,6.307679,3.956316,5.131998,53.5,78,40,93.66666,44,100,0.5758333,6.001781,"Pharmacists"
"2263",0.6711111,0.6530844,0.5716918,6.37864,4.069093,5.223866,76.25,69.25,50,69.16666,58,80,0.5758333,6.001781,"Environmental and occupational health and hygiene professionals"
"2264",0.6906945,0.5966548,0.5334864,5.946371,3.681745,4.814058,67.25,65.25,52.75,74.16667,65,90,0.5758333,6.001781,"Physiotherapists"
"2265",0.6238889,0.7027945,0.5851727,6.639857,4.550147,5.595002,70.5,53,32.5,60.33333,58,100,0.5758333,6.001781,"Dieticians and nutritionists"
"2266",0.6636111,0.6733105,0.557982,6.435565,4.153615,5.29459,66.5,50.5,48,73.66667,59.5,100,0.5758333,6.001781,"Audiologists and speech therapists"
"2267",0.6791667,0.6031969,0.5820585,6.261769,3.944914,5.103342,63,68,45,79,52.5,100,0.5758333,6.001781,"Optometrists and ophthalmic opticians"
"2269",0.6744217,0.6310163,0.5594698,6.231743,3.961703,5.096723,65.52381,56.58503,47.86395,74.55782,64.34013,95.78231,0.5758333,6.001781,"Health professionals not elsewhere classified"
"2300",0.6198738,0.6760361,0.566361,6.433737,4.435916,5.434827,77.05979,47.90758,45.92968,59.48216,62.67867,78.86636,0.5758333,6.001781,"Teaching professionals"
"2310",0.6428212,0.7159969,0.5662112,6.590571,4.39308,5.491826,84.25917,43.26593,30.30888,62.27671,65.85232,99.72973,0.5758333,6.001781,"University and higher education teachers"
"2320",0.6575926,0.6276897,0.5547204,6.193183,4.033325,5.113254,86.16666,58,47,65.88889,64.16666,73.33334,0.5758333,6.001781,"Vocational education teachers"
"2330",0.6541666,0.6929196,0.5788072,6.571575,4.304382,5.437979,88.5,45.5,46,66,66.5,80,0.5758333,6.001781,"Secondary education teachers"
"2340",0.6320833,0.6561599,0.5602353,6.324014,4.275315,5.299664,78.25,50.625,58.125,62,55.25,75,0.5758333,6.001781,"Primary school and early childhood teachers"
"2341",0.6551389,0.6845267,0.5751629,6.524414,4.26581,5.395112,86.25,54,53.25,62.83334,56.75,80,0.5758333,6.001781,"Primary school teachers"
"2342",0.6090277,0.627793,0.5453076,6.123613,4.284821,5.204217,70.25,47.25,63,61.16666,53.75,70,0.5758333,6.001781,"Early childhood educators"
"2350",0.6028197,0.680501,0.5680174,6.457355,4.564226,5.51079,72.75595,46.69643,44.51389,56.5172,63.58929,77.61905,0.5758333,6.001781,"Other teaching professionals"
"2351",0.6566667,0.6993644,0.5875324,6.620479,4.319862,5.47017,82.5,55,37.5,51,68,100,0.5758333,6.001781,"Education methods specialists"
"2352",0.6802778,0.6449586,0.5553532,6.256194,3.946584,5.101388,74.875,58.625,58.375,65.41667,60.875,90,0.5758333,6.001781,"Special needs teachers"
"2353",0.5677778,0.6930742,0.5659948,6.51548,4.83011,5.672795,68.16666,41.66667,44.5,55,64.66666,66.66666,0.5758333,6.001781,"Other language teachers"
"2354",0.5658333,0.6566482,0.5539713,6.271835,4.662064,5.46695,66.5,40.5,47,59,66.5,60,0.5758333,6.001781,"Other music teachers"
"2355",0.5451389,0.6849533,0.5612578,6.451907,4.933163,5.692535,64.75,37.25,45.5,53.83334,65.75,60,0.5758333,6.001781,"Other arts teachers"
"2356",0.5936111,0.6992866,0.5791706,6.574769,4.704612,5.63969,78.5,52.5,35.5,53.66667,56,80,0.5758333,6.001781,"Information technology trainers"
"2359",0.6104321,0.6852217,0.5728419,6.51082,4.553185,5.532003,74,41.33333,43.22222,57.7037,63.33333,86.66666,0.5758333,6.001781,"Teaching professionals not elsewhere classified"
"2400",0.5624196,0.6930944,0.5821516,6.601416,4.930871,5.766144,65.74848,45.81212,32.40379,63.61313,51.5106,78.36364,0.5758333,6.001781,"Business and administration professionals"
"2410",0.5096065,0.6956478,0.5843018,6.668776,5.33145,6.000113,58.66667,33.65278,23.81944,65.41667,46.43056,77.77778,0.5758333,6.001781,"Finance professionals"
"2411",0.5068519,0.6904125,0.5884628,6.677804,5.356271,6.017037,56,40.16667,23.83333,66.77778,44,73.33334,0.5758333,6.001781,"Accountants"
"2412",0.5145139,0.7026582,0.5784132,6.657624,5.29039,5.974008,58.5,30.875,21.375,69.08334,48.875,80,0.5758333,6.001781,"Financial and investment advisers"
"2413",0.5074537,0.6938727,0.5860295,6.6709,5.34769,6.009295,61.5,29.91667,26.25,60.38889,46.41667,80,0.5758333,6.001781,"Financial analysts"
"2420",0.576,0.691958,0.5819471,6.58502,4.828226,5.706623,68.725,50.44167,34.64167,60.53333,52.00833,79.25,0.5758333,6.001781,"Administration professionals"
"2421",0.5661111,0.6985627,0.587311,6.646636,4.938446,5.792541,65.5,50.41666,35.66667,61,47.08334,80,0.5758333,6.001781,"Management and organization analysts"
"2422",0.5462222,0.6652291,0.5861326,6.50828,4.965456,5.736868,58.9,52.1,36.9,59.13334,48.7,72,0.5758333,6.001781,"Policy administration professionals"
"2423",0.5980556,0.7047533,0.575174,6.610396,4.704389,5.657393,72,46.75,30.5,68.33334,56.25,85,0.5758333,6.001781,"Personnel and careers professionals"
"2424",0.5936111,0.6992866,0.5791706,6.574769,4.704612,5.63969,78.5,52.5,35.5,53.66667,56,80,0.5758333,6.001781,"Training and staff development professionals"
"2430",0.5884491,0.6923158,0.5807434,6.567291,4.733083,5.650187,68.08334,50.30208,36.60417,65.34028,54.82291,77.91666,0.5758333,6.001781,"Sales, marketing and public relations professionals"
"2431",0.5198148,0.6941751,0.5877061,6.582082,5.195694,5.888888,57.5,31.25,28.16667,57.55556,57.41666,80,0.5758333,6.001781,"Advertising and marketing professionals"
"2432",0.5758333,0.7159546,0.5726104,6.613767,4.850096,5.731931,72.5,45,34,65,49,80,0.5758333,6.001781,"Public relations professionals"
"2433",0.6383333,0.6807073,0.5797874,6.533814,4.380227,5.457021,72.5,64.375,47.25,68.75,55.125,75,0.5758333,6.001781,"Technical and medical sales professionals (excluding ict)"
"2434",0.6198148,0.678426,0.5828697,6.539503,4.506314,5.522909,69.83334,60.58333,37,70.05556,57.75,76.66666,0.5758333,6.001781,"Information and communications technology sales professionals"
"2500",0.510787,0.6611683,0.5943545,6.532375,5.215893,5.874134,60.52083,36.82639,27.15278,58.11111,46.08333,77.77778,0.5758333,6.001781,"Information and communications technology professionals"
"2510",0.5074259,0.6697257,0.5967707,6.576681,5.272916,5.924798,62.6,36.69167,24.35833,56.62222,46.18333,78,0.5758333,6.001781,"Software and applications developers and analysts"
"2511",0.565,0.6722476,0.5950794,6.564757,4.88526,5.725008,70.125,48.5,23.125,60,47.25,90,0.5758333,6.001781,"Systems analysts"
"2512",0.5152778,0.6736738,0.5954522,6.594469,5.235276,5.914872,64,37.5,27.5,57.66667,42.5,80,0.5758333,6.001781,"Software developers"
"2513",0.4816667,0.6535671,0.5999807,6.525661,5.399984,5.962822,53.5,37,22.5,63,53,60,0.5758333,6.001781,"Web and multimedia developers"
"2514",0.4580555,0.6737624,0.5976475,6.607717,5.623902,6.115809,63.5,24.5,22,44.33333,40.5,80,0.5758333,6.001781,"Applications programmers"
"2519",0.5171296,0.6753772,0.5956936,6.590802,5.22016,5.905481,61.875,35.95833,26.66667,58.11111,47.66667,80,0.5758333,6.001781,"Software and applications developers and analysts not elsewhere classified"
"2520",0.5149884,0.6504717,0.5913343,6.476992,5.144615,5.810803,57.92188,36.99479,30.64583,59.97222,45.95834,77.5,0.5758333,6.001781,"Database and network professionals"
"2521",0.4948612,0.6713024,0.599089,6.613738,5.385603,5.999671,61.75,28,27,59.16667,41,80,0.5758333,6.001781,"Database designers and administrators"
"2522",0.5013888,0.6267038,0.5926164,6.390465,5.162076,5.77627,50.5,33.5,32.5,57.33333,47,80,0.5758333,6.001781,"Systems administrators"
"2523",0.53375,0.6284555,0.5777765,6.309319,4.892351,5.600835,60,48.5,33.5,62.5,45.75,70,0.5758333,6.001781,"Computer network professionals"
"2529",0.5299537,0.6754252,0.5958555,6.594446,5.138431,5.866438,59.4375,37.97916,29.58333,60.88889,50.08334,80,0.5758333,6.001781,"Database and network professionals not elsewhere classified"
"2600",0.588223,0.6624381,0.5678273,6.37365,4.588567,5.481108,68.28139,41.62841,36.97647,63.12663,57.70209,85.21886,0.5758333,6.001781,"Legal, social and cultural professionals"
"2610",0.6166204,0.7200941,0.5764731,6.665032,4.615919,5.640475,65.41666,38.91667,27.41667,77.38889,60.83333,100,0.5758333,6.001781,"Legal professionals"
"2611",0.6661111,0.7105113,0.5814073,6.633535,4.265731,5.449633,77,60.5,21.5,86.66666,54,100,0.5758333,6.001781,"Lawyers"
"2612",0.6329167,0.7227226,0.5727218,6.681685,4.51645,5.599068,74.75,39.75,27.75,79.5,58,100,0.5758333,6.001781,"Judges"
"2619",0.5508333,0.7270484,0.57529,6.679877,5.065574,5.872725,44.5,16.5,33,66,70.5,100,0.5758333,6.001781,"Legal professionals not elsewhere classified"
"2620",0.6023611,0.6416584,0.5827101,6.361505,4.496029,5.428767,71.25,45.875,31.5,55.91666,56.875,100,0.5758333,6.001781,"Librarians, archivists and curators"
"2621",0.6044444,0.6437739,0.5825254,6.353089,4.476493,5.414791,66,49.75,30,55.16666,61.75,100,0.5758333,6.001781,"Archivists and curators"
"2622",0.6002778,0.639543,0.5828949,6.369921,4.515566,5.442743,76.5,42,33,56.66667,52,100,0.5758333,6.001781,"Librarians and related information professionals"
"2630",0.6095772,0.7013896,0.5770363,6.59451,4.615602,5.605056,72.97096,40.82134,32.51641,62.30534,61.27367,95.85859,0.5758333,6.001781,"Social and religious professionals"
"2631",0.5452778,0.6999038,0.588109,6.66744,5.093184,5.880312,68,22.5,19.25,54.16667,63.25,100,0.5758333,6.001781,"Economists"
"2632",0.6143518,0.6958836,0.5794029,6.56707,4.56674,5.566905,75.16666,38.5,37.5,54.11111,63.33333,100,0.5758333,6.001781,"Sociologists, anthropologists and related professionals"
"2633",0.5904629,0.7076557,0.5787826,6.612422,4.752884,5.682653,73.66666,36.83333,33.5,56.11111,60.83333,93.33334,0.5758333,6.001781,"Philosophers, historians and political scientists"
"2634",0.617882,0.716714,0.5815611,6.679008,4.617405,5.648207,68.5,43.375,26.75,71.79167,60.3125,100,0.5758333,6.001781,"Psychologists"
"2635",0.6264331,0.6812195,0.5622284,6.444563,4.401583,5.423073,69.99242,50.7197,41.84848,65.31818,56.16288,91.81818,0.5758333,6.001781,"Social work and counselling professionals"
"2636",0.6630555,0.7069611,0.5721337,6.596554,4.26182,5.429187,82.5,53,36.25,72.33333,63.75,90,0.5758333,6.001781,"Religious professionals"
"2640",0.568107,0.6937546,0.5808333,6.557763,4.859228,5.708496,64.44444,39.47222,38.09259,64.84568,54.00926,80,0.5758333,6.001781,"Authors, journalists and linguists"
"2641",0.5290432,0.6909717,0.5859594,6.532624,5.09641,5.814517,58.83333,32.66667,30.27778,60.37037,55.27778,80,0.5758333,6.001781,"Authors and related writers"
"2642",0.5876389,0.6999521,0.5780861,6.556306,4.730375,5.643341,65.75,39.25,43,68.33334,56.25,80,0.5758333,6.001781,"Journalists"
"2643",0.5876389,0.69034,0.5784544,6.584358,4.750899,5.667628,68.75,46.5,41,65.83334,50.5,80,0.5758333,6.001781,"Translators, interpreters and other linguists"
"2650",0.562331,0.5968571,0.5464022,5.984028,4.464113,5.22407,66.28571,43.19312,45.9828,59.04145,55.11773,67.77778,0.5758333,6.001781,"Creative and performing artists"
"2651",0.4455556,0.5168939,0.5636817,5.696834,4.921926,5.30938,39.75,24,23.5,57.83334,62.25,60,0.5758333,6.001781,"Visual artists"
"2652",0.5558333,0.6426365,0.5414501,6.23113,4.680476,5.455803,61,36,42,54.5,60,80,0.5758333,6.001781,"Musicians, singers and composers"
"2653",0.6158333,0.4713851,0.4795503,5.077734,3.502412,4.290073,71.25,60.5,58.25,54.5,55,70,0.5758333,6.001781,"Dancers and choreographers"
"2654",0.5825617,0.6500689,0.6010994,6.477548,4.706858,5.592203,63.58333,48.80555,39.47222,64.7037,52.97222,80,0.5758333,6.001781,"Film, stage and related directors and producers"
"2655",0.5530555,0.6355587,0.5444716,6.106292,4.617035,5.361663,87,49,57,50.33333,48.5,40,0.5758333,6.001781,"Actors"
"2656",0.5930555,0.6852591,0.5633992,6.464634,4.629003,5.546818,72.66666,32.66667,46.33333,73.33334,50.83333,80,0.5758333,6.001781,"Announcers on radio, television and other media"
"2659",0.5904218,0.5761976,0.5311629,5.834023,4.191078,5.012551,68.75,51.37963,55.32407,58.08642,56.26852,64.44444,0.5758333,6.001781,"Creative and performing artists not elsewhere classified"
"3000",0.5843302,0.6043524,0.5629084,6.15462,4.466534,5.310576,61.18658,58.39537,48.16641,69.21483,50.63625,62.9987,0.5758333,6.001781,"Technicians and associate professionals"
"3100",0.6109613,0.5680563,0.566054,6.025411,4.208511,5.116961,61.99892,68.21164,56.61329,73.16153,48.08918,58.50224,0.5758333,6.001781,"Science and engineering associate professionals"
"3110",0.5732228,0.5828283,0.5752429,6.125851,4.511672,5.318761,60.06748,58.10099,46.46155,67.49673,48.49491,63.31201,0.5758333,6.001781,"Physical and engineering science technicians"
"3111",0.5505865,0.5876355,0.5704442,6.124301,4.645727,5.385014,56.61111,55.55555,41.11111,63.62963,42.33333,71.11111,0.5758333,6.001781,"Chemical and physical science technicians"
"3112",0.6352223,0.5782177,0.5762091,6.102024,4.124915,5.113469,65.4,63.3,70.3,70.73334,51.4,60,0.5758333,6.001781,"Civil engineering technicians"
"3113",0.5742361,0.5650584,0.5720574,6.047769,4.444284,5.246027,59.875,62.25,45.875,68.66666,47.875,60,0.5758333,6.001781,"Electrical engineering technicians"
"3114",0.5769444,0.5927257,0.5804511,6.197597,4.538019,5.367808,59.5,60,44.5,67.66666,54.5,60,0.5758333,6.001781,"Electronics engineering technicians"
"3115",0.5703062,0.570628,0.5677072,6.05094,4.471437,5.261189,60.06818,62.17614,43.64204,70.2803,45.5625,60.45454,0.5758333,6.001781,"Mechanical engineering technicians"
"3116",0.5716414,0.5792619,0.5728182,6.114186,4.509367,5.311777,61.77273,61.95454,40.81818,69.12122,47.5,61.81818,0.5758333,6.001781,"Chemical engineering technicians"
"3117",0.5655429,0.5815197,0.5688013,6.095752,4.532833,5.314293,57.63636,57.72727,40.90909,65.89394,46.25,70.90909,0.5758333,6.001781,"Mining and metallurgical technicians"
"3118",0.4862222,0.6108698,0.5966858,6.304472,5.179437,5.741955,55.6,35.2,31.36667,59.73333,49.83333,60,0.5758333,6.001781,"Draughtspersons"
"3119",0.6283031,0.5795377,0.5720119,6.095614,4.159032,5.127324,64.14394,64.74545,59.63182,71.74545,51.2,65.51515,0.5758333,6.001781,"Physical and engineering science technicians not elsewhere classified"
"3120",0.6984259,0.5644566,0.5528306,5.930104,3.622847,4.776475,70.5,84.16666,71.33334,76.22222,56.83333,60,0.5758333,6.001781,"Mining, manufacturing and construction supervisors"
"3121",0.7148611,0.5552449,0.5546924,5.896917,3.50457,4.700744,67.25,83.75,80.5,77.16666,60.25,60,0.5758333,6.001781,"Mining supervisors"
"3122",0.6655556,0.58288,0.549107,5.996478,3.8594,4.927939,77,85,53,74.33334,50,60,0.5758333,6.001781,"Manufacturing supervisors"
"3123",0.7148611,0.5552449,0.5546924,5.896917,3.50457,4.700744,67.25,83.75,80.5,77.16666,60.25,60,0.5758333,6.001781,"Construction supervisors"
"3130",0.5823061,0.5358325,0.5527419,5.852314,4.248276,5.050295,56.54688,71.22396,56.10417,75.48264,41.48438,48.54167,0.5758333,6.001781,"Process control technicians"
"3131",0.6270139,0.5900563,0.5663606,6.129119,4.1795,5.154309,65.375,80.5,55.625,79.58334,40.125,55,0.5758333,6.001781,"Power production plant operators"
"3132",0.6217535,0.5351491,0.5466743,5.80437,3.986631,4.895501,59.90625,72.96875,63.25,77.64584,48.03125,51.25,0.5758333,6.001781,"Incinerator and water treatment plant operators"
"3133",0.6055556,0.5381019,0.5473197,5.861883,4.124485,4.993184,54.5,76,76.5,83.33334,33,40,0.5758333,6.001781,"Chemical processing plant controllers"
"3134",0.6217361,0.520372,0.5514098,5.786491,3.977665,4.882078,57.5,70.375,76.75,76.66667,46.75,45,0.5758333,6.001781,"Petroleum and natural gas refining plant operators"
"3135",0.4944444,0.474471,0.5357498,5.508339,4.487766,4.998053,51,70.5,32,66.66666,36.5,40,0.5758333,6.001781,"Metal production process controllers"
"3139",0.5233333,0.5568447,0.5689375,6.023679,4.733608,5.378644,51,57,32.5,69,44.5,60,0.5758333,6.001781,"Process control technicians not elsewhere classified"
"3140",0.6075463,0.5627829,0.562085,5.9732,4.199118,5.086159,64.33334,63.33333,57.5,66.44444,46.25,66.66666,0.5758333,6.001781,"Life science technicians and related associate professionals"
"3141",0.5923612,0.5856169,0.568009,6.10629,4.379719,5.243005,66,56,48.25,57.16667,48,80,0.5758333,6.001781,"Life science technicians (excluding medical)"
"3142",0.5605556,0.5818349,0.5660396,6.079493,4.551176,5.315334,55,62,47.75,67.83334,43.75,60,0.5758333,6.001781,"Agricultural technicians"
"3143",0.6697223,0.520897,0.5522065,5.733818,3.666458,4.700138,72,72,76.5,74.33334,47,60,0.5758333,6.001781,"Forestry technicians"
"3150",0.6628472,0.5854594,0.5758041,6.140844,3.97214,5.056492,65.51666,76.15,66.13333,82.76666,51.14167,56,0.5758333,6.001781,"Ship and aircraft controllers and technicians"
"3151",0.6662963,0.5788114,0.5633646,6.050312,3.886303,4.968307,63.83333,76.33334,70.83334,82.11111,53.33333,53.33333,0.5758333,6.001781,"Ships’ engineers"
"3152",0.6882407,0.572368,0.5731673,6.064087,3.767174,4.91563,67.66666,82.83334,70.33334,84.77778,54,53.33333,0.5758333,6.001781,"Ships’ deck officers and pilots"
"3153",0.6853472,0.5627384,0.5770738,6.061895,3.781667,4.921781,69.25,80.5,71,82.83333,47.625,60,0.5758333,6.001781,"Aircraft pilots and related associate professionals"
"3154",0.6307407,0.613474,0.5835413,6.302628,4.284118,5.293373,62.33333,72.83334,58.5,84.44444,47,53.33333,0.5758333,6.001781,"Air traffic controllers"
"3155",0.6436111,0.5999053,0.5818734,6.2253,4.141437,5.183369,64.5,68.25,60,79.66666,53.75,60,0.5758333,6.001781,"Air traffic safety electronics technicians"
"3200",0.5888699,0.5805197,0.5489644,5.99304,4.314762,5.153901,58.24117,61.52864,46.46848,71.59024,50.66068,64.83273,0.5758333,6.001781,"Health associate professionals"
"3210",0.5592812,0.5749802,0.5582837,6.024804,4.517984,5.271394,54.42916,59.25625,38.66458,72.8625,45.77291,64.58333,0.5758333,6.001781,"Medical and pharmaceutical technicians"
"3211",0.5806667,0.5662836,0.5504534,5.942073,4.328521,5.135297,53.3,63.9,45.7,80.2,45.3,60,0.5758333,6.001781,"Medical imaging and therapeutic equipment technicians"
"3212",0.5461111,0.5721337,0.5681736,6.069285,4.628004,5.348644,53.41666,54,32.08333,74.66667,40.16666,73.33333,0.5758333,6.001781,"Medical and pathology laboratory technicians"
"3213",0.5341667,0.5840473,0.5513567,6.037746,4.679253,5.3585,53,60,39,68,40.5,60,0.5758333,6.001781,"Pharmaceutical technicians and assistants"
"3214",0.5761806,0.5774563,0.5631512,6.050113,4.436158,5.243135,58,59.125,37.875,68.58334,57.125,65,0.5758333,6.001781,"Medical and dental prosthetic technicians"
"3220",0.6253473,0.5852189,0.5391382,5.970531,4.0781,5.024316,57.625,71,48.5,73.58333,54.5,70,0.5758333,6.001781,"Nursing and midwifery associate professionals"
"3221",0.5975,0.5605417,0.526696,5.80301,4.129808,4.966409,55,76,48,71,48.5,60,0.5758333,6.001781,"Nursing associate professionals"
"3222",0.6531944,0.609896,0.5515804,6.138053,4.026392,5.082223,60.25,66,49,76.16666,60.5,80,0.5758333,6.001781,"Midwifery associate professionals"
"3230",0.6531944,0.609896,0.5515804,6.138053,4.026392,5.082223,60.25,66,49,76.16666,60.5,80,0.5758333,6.001781,"Traditional and complementary medicine associate professionals"
"3240",0.5718056,0.5487324,0.5298706,5.778573,4.259775,5.019174,52.5,59.5,60,70.83334,50.25,50,0.5758333,6.001781,"Veterinary technicians and assistants"
"3250",0.5886632,0.5822054,0.5488371,5.991641,4.315184,5.153412,60.48702,60.16243,47.70065,70.15749,50.93221,63.75812,0.5758333,6.001781,"Other health associate professionals"
"3251",0.5683333,0.5561619,0.5348158,5.821962,4.313719,5.067841,60.5,57,45.75,66.5,51.25,60,0.5758333,6.001781,"Dental assistants and therapists"
"3252",0.5779094,0.5747585,0.5505385,5.978971,4.372726,5.175849,55.1557,62.44737,44.27851,73.41666,47.93859,63.50877,0.5758333,6.001781,"Medical records and health information technicians"
"3253",0.6286111,0.5975834,0.5507433,6.051313,4.118255,5.084784,77.5,58,51,60.66667,50,80,0.5758333,6.001781,"Community health workers"
"3254",0.5638889,0.588495,0.5618231,6.080285,4.531501,5.305893,62.5,55.5,45,67.33334,48,60,0.5758333,6.001781,"Dispensing opticians"
"3255",0.6088889,0.5789063,0.5291184,5.848796,4.078256,4.963526,60,43.72222,46,75.11111,67.16666,73.33334,0.5758333,6.001781,"Physiotherapy technicians and assistants"
"3256",0.5477778,0.5996826,0.551033,6.086084,4.633859,5.359972,54,59.25,43.25,69.16667,43,60,0.5758333,6.001781,"Medical assistants"
"3257",0.62625,0.5875695,0.5647171,6.093802,4.161696,5.127749,60.6875,74.6875,63.03125,73.5625,52.53125,51.25,0.5758333,6.001781,"Environmental and occupational health inspectors and associates"
"3258",0.5779094,0.5747585,0.5505385,5.978971,4.372726,5.175849,55.1557,62.44737,44.27851,73.41666,47.93859,63.50877,0.5758333,6.001781,"Ambulance workers"
"3259",0.5984002,0.581933,0.5462058,5.984585,4.253915,5.11925,58.88426,68.40741,46.71759,72.24383,50.56482,62.22222,0.5758333,6.001781,"Health associate professionals not elsewhere classified"
"3300",0.5622231,0.6624926,0.5714407,6.443956,4.820633,5.632295,61.40226,50.05459,41.62988,67.15228,51.33047,65.76438,0.5758333,6.001781,"Business and administration associate professionals"
"3310",0.5426806,0.6787664,0.5806628,6.5763,5.038369,5.807334,60.47917,39.64583,35.04167,65.65,48.29167,76.5,0.5758333,6.001781,"Financial and mathematical associate professionals"
"3311",0.6129167,0.6938391,0.5810373,6.614645,4.604707,5.609675,71,57,38.25,70,51.5,80,0.5758333,6.001781,"Securities and finance dealers and brokers"
"3312",0.5706944,0.7072881,0.5710917,6.659052,4.91752,5.788286,63.375,44.25,34.625,74.66667,45.5,80,0.5758333,6.001781,"Credit and loans officers"
"3313",0.4730555,0.6560772,0.5743791,6.503252,5.437441,5.970346,55.5,37.5,27,59.33333,44.5,60,0.5758333,6.001781,"Accounting associate professionals"
"3314",0.5308102,0.6844913,0.5948827,6.653169,5.1789,5.916034,61.6875,34.97917,25.5,53.69444,53.45833,89.16667,0.5758333,6.001781,"Statistical, mathematical and related associate professionals"
"3315",0.5259259,0.6521363,0.5819234,6.45138,5.053278,5.752329,50.83333,24.5,49.83333,70.55556,46.5,73.33334,0.5758333,6.001781,"Valuers and loss assessors"
"3320",0.5890914,0.6867236,0.5785801,6.572299,4.733285,5.652792,65.63541,50.75521,38.97917,71.93403,51.77604,74.375,0.5758333,6.001781,"Sales and purchasing agents and brokers"
"3321",0.5761111,0.6986824,0.5819924,6.633198,4.862688,5.747943,66,41,41.66667,69.66667,47.33333,80,0.5758333,6.001781,"Insurance representatives"
"3322",0.6053472,0.6821857,0.5745059,6.523676,4.590553,5.557115,66.625,52.9375,42.5,69.95833,53.6875,77.5,0.5758333,6.001781,"Commercial sales representatives"
"3323",0.5911111,0.6723223,0.5749476,6.499866,4.668369,5.584117,64,52.33333,33.33333,77.66666,54,73.33334,0.5758333,6.001781,"Buyers"
"3324",0.5837963,0.6937041,0.5828748,6.632455,4.811531,5.721993,65.91666,56.75,38.41667,70.44444,52.08333,66.66666,0.5758333,6.001781,"Trade brokers"
"3330",0.5991417,0.6493052,0.5672005,6.349993,4.510008,5.43,63.585,61.1525,46.56625,67.3075,55.82375,65.05,0.5758333,6.001781,"Business services agents"
"3331",0.5280555,0.6081768,0.5635841,6.183125,4.83092,5.507022,56.125,66.375,38.125,65.33334,50.875,40,0.5758333,6.001781,"Clearing and forwarding agents"
"3332",0.6458333,0.6299663,0.5600869,6.203171,4.11477,5.158971,59,64.5,52.5,66,65.5,80,0.5758333,6.001781,"Conference and event planners"
"3333",0.6302778,0.6353989,0.5545871,6.242974,4.246154,5.244564,67.75,77.5,49.5,68.66667,54.75,60,0.5758333,6.001781,"Employment agents and contractors"
"3334",0.6388889,0.6828278,0.5800197,6.546887,4.386783,5.466835,70.875,55,56,72.08334,54.375,75,0.5758333,6.001781,"Real estate agents and property managers"
"3339",0.5526528,0.6901563,0.5777248,6.573806,4.971413,5.77261,64.175,42.3875,36.70625,64.45417,53.61875,70.25,0.5758333,6.001781,"Business services agents not elsewhere classified"
"3340",0.4984722,0.6831026,0.5647708,6.502346,5.271502,5.886924,58.8125,45.4375,25.625,58.33333,53.375,57.5,0.5758333,6.001781,"Administrative and specialized secretaries"
"3341",0.5475,0.6831405,0.5709687,6.502773,4.952946,5.727859,62,62,26,66,52.5,60,0.5758333,6.001781,"Office supervisors"
"3342",0.4697222,0.6844378,0.5672602,6.491889,5.449581,5.970735,56.5,34,20.5,54.33333,56.5,60,0.5758333,6.001781,"Legal secretaries"
"3343",0.4741667,0.6720443,0.5600291,6.466152,5.399941,5.933047,58.25,27.75,26.5,56.5,55.5,60,0.5758333,6.001781,"Administrative and executive secretaries"
"3344",0.5025,0.692788,0.560825,6.548569,5.283544,5.916057,58.5,58,29.5,56.5,49,50,0.5758333,6.001781,"Medical secretaries"
"3350",0.5723314,0.6300267,0.5669761,6.287484,4.655692,5.471588,59.25694,52.09127,55.44345,70.96627,48.45833,57.18254,0.5758333,6.001781,"Government regulatory associate professionals"
"3351",0.6630688,0.5785,0.5555199,6.006914,3.895872,4.951393,66.33334,66.42857,73.07143,76.65079,52.5,62.85714,0.5758333,6.001781,"Customs and border inspectors"
"3352",0.4644444,0.6933227,0.5815791,6.650681,5.617978,6.134329,46,34,27.5,67.66666,43.5,60,0.5758333,6.001781,"Government tax and excise officials"
"3353",0.5305754,0.671153,0.5695156,6.463698,5.036771,5.750235,60.25,36.14286,43.60714,67.80952,46.25,64.28571,0.5758333,6.001781,"Government social benefits officials"
"3354",0.518631,0.6677097,0.5689367,6.451665,5.105389,5.778527,62.75,40.89286,42.85714,61.64286,48.75,54.28571,0.5758333,6.001781,"Government licensing officials"
"3355",0.696713,0.5841202,0.5583782,6.040519,3.703059,4.871789,69.70833,74.58333,75.125,83.69444,53.25,61.66666,0.5758333,6.001781,"Police inspectors and detectives"
"3359",0.5605556,0.5853547,0.5679269,6.111427,4.575082,5.343255,50.5,60.5,70.5,68.33334,46.5,40,0.5758333,6.001781,"Government regulatory associate professionals not elsewhere classified"
"3400",0.5899704,0.5947687,0.5517827,6.025068,4.329659,5.177364,65.48824,54.57904,50.1484,63.52648,55.4878,64.75228,0.5758333,6.001781,"Legal, social, cultural and related associate professionals"
"3410",0.6025992,0.6677327,0.5651631,6.421858,4.537815,5.479836,71.97619,51.78571,39.27381,67.45238,54.88095,76.19048,0.5758333,6.001781,"Legal, social and religious associate professionals"
"3411",0.5147421,0.6624763,0.566522,6.424738,5.110715,5.767727,55.92857,39.85714,35.07143,68.02381,51.39286,58.57143,0.5758333,6.001781,"Legal and related associate professionals"
"3412",0.63,0.6337606,0.5568336,6.244282,4.240909,5.242595,77.5,62.5,46.5,62,49.5,80,0.5758333,6.001781,"Social work associate professionals"
"3413",0.6630555,0.7069611,0.5721337,6.596554,4.26182,5.429187,82.5,53,36.25,72.33333,63.75,90,0.5758333,6.001781,"Religious associate professionals"
"3420",0.6055671,0.5594385,0.5257533,5.736485,4.035083,4.885784,67.79166,56.16667,62.10417,62.61111,58,56.66667,0.5758333,6.001781,"Sports and fitness workers"
"3421",0.5938889,0.4755959,0.4922831,5.216759,3.731432,4.474095,66.5,62,69.5,61.33333,57,40,0.5758333,6.001781,"Athletes and sports players"
"3422",0.5861111,0.6145283,0.5566432,6.126332,4.429286,5.277809,66.5,46,59.5,60.66666,59,60,0.5758333,6.001781,"Sports coaches, instructors and officials"
"3423",0.6367014,0.5881912,0.5283335,5.866364,3.94453,4.905447,70.375,60.5,57.3125,65.83334,58,70,0.5758333,6.001781,"Fitness and recreation instructors and programme leaders"
"3430",0.5730351,0.5721884,0.5593721,5.960144,4.381512,5.170828,60.21342,55.30247,49.49969,61.72017,54.3446,62.74074,0.5758333,6.001781,"Artistic, cultural and culinary associate professionals"
"3431",0.575,0.553339,0.5786794,5.958809,4.374759,5.166784,55,53,65,58,54,60,0.5758333,6.001781,"Photographers"
"3432",0.5838889,0.5839611,0.574606,6.044847,4.36997,5.207408,63.83333,51.83333,39,58,57.66667,80,0.5758333,6.001781,"Interior designers and decorators"
"3433",0.5255556,0.5618374,0.5515721,5.886916,4.606616,5.246766,55,40.5,36,58.66667,58.5,66.66666,0.5758333,6.001781,"Gallery, museum and library technicians"
"3434",0.6391667,0.5722604,0.5426704,5.916213,3.963893,4.940053,66.5,84.25,61.5,73.5,47.75,50,0.5758333,6.001781,"Chefs"
"3435",0.5415646,0.5895444,0.5493324,5.993934,4.592324,5.293129,60.7338,46.92901,45.99846,60.43416,53.80633,57.03704,0.5758333,6.001781,"Other artistic and cultural associate professionals"
"3500",0.5341544,0.6141703,0.575053,6.2525,4.849187,5.550843,57.26273,47.34028,38.88657,64.06096,49.93287,63.00926,0.5758333,6.001781,"Information and communications technicians"
"3510",0.5178559,0.6284407,0.5757415,6.311544,4.996616,5.65408,55.73438,42.375,35.84375,63.38541,49,64.375,0.5758333,6.001781,"Information and communications technology operations and user support technicians"
"3511",0.4426736,0.6174036,0.5641733,6.229704,5.40438,5.817042,48.4375,37.75,30.875,56.04166,45,47.5,0.5758333,6.001781,"Information and communications technology operations technicians"
"3512",0.5725,0.6139687,0.5614995,6.16951,4.544872,5.357191,63.5,50,51,70,49,60,0.5758333,6.001781,"Information and communications technology user support technicians"
"3513",0.5647222,0.6422549,0.5809945,6.3889,4.756181,5.572541,59,46.5,34,67.33334,52,80,0.5758333,6.001781,"Computer network and systems technicians"
"3514",0.4915277,0.6401354,0.5962986,6.458063,5.28103,5.869546,52,35.25,27.5,60.16666,50,70,0.5758333,6.001781,"Web technicians"
"3520",0.5667515,0.5856294,0.5736761,6.13441,4.55433,5.34437,60.31944,57.27084,44.97222,65.41203,51.79861,60.27778,0.5758333,6.001781,"Telecommunications and broadcasting technicians"
"3521",0.5565586,0.5785331,0.5669011,6.071223,4.570641,5.320932,61.13889,54.54167,45.44444,63.15741,49.09722,60.55556,0.5758333,6.001781,"Broadcasting and audiovisual technicians"
"3522",0.5769444,0.5927257,0.5804511,6.197597,4.538019,5.367808,59.5,60,44.5,67.66666,54.5,60,0.5758333,6.001781,"Telecommunications engineering technicians"
"4000",0.4829071,0.6547877,0.5610344,6.373373,5.266142,5.819757,56.09612,46.52457,34.62227,59.64626,45.16537,47.68966,0.5758333,6.001781,"Clerical support workers"
"4100",0.4425,0.6541888,0.5662051,6.403093,5.54841,5.975752,50.375,40.1875,27.625,55.375,51.9375,40,0.5758333,6.001781,"General and keyboard clerks"
"4110",0.4494444,0.6930785,0.5721792,6.59278,5.667148,6.129964,50,39.25,31.5,57.16666,51.75,40,0.5758333,6.001781,"General office clerks"
"4120",0.4538889,0.6934092,0.5617377,6.529984,5.584951,6.057467,53,42,26,53.33333,58,40,0.5758333,6.001781,"Secretaries (general)"
"4130",0.4333333,0.6151336,0.5654519,6.244804,5.470772,5.857788,49.25,39.75,26.5,55.5,49,40,0.5758333,6.001781,"Keyboard operators"
"4131",0.4138889,0.6294672,0.5684116,6.314931,5.653618,5.984275,49.5,37.5,24.5,45.33333,51.5,40,0.5758333,6.001781,"Typists and word processing operators"
"4132",0.4527778,0.6008001,0.5624921,6.174678,5.287926,5.731302,49,42,28.5,65.66666,46.5,40,0.5758333,6.001781,"Data entry clerks"
"4200",0.4869046,0.6723682,0.5586225,6.438043,5.292806,5.865424,59.37865,46.92882,36.58628,60.83877,41.79913,46.61111,0.5758333,6.001781,"Customer services clerks"
"4210",0.4838817,0.6503389,0.5565706,6.335543,5.227281,5.781412,60.19011,44.53646,38.97136,59.0816,43.79948,43.75,0.5758333,6.001781,"Tellers, money collectors and related clerks"
"4211",0.4881944,0.5923638,0.5377716,6.024229,4.936072,5.48015,56,54.5,46,58.66667,37.75,40,0.5758333,6.001781,"Bank tellers and related clerks"
"4212",0.4903704,0.6164556,0.5522513,6.198551,5.073949,5.63625,60.91667,53.08333,43.54167,58.38889,38.29167,40,0.5758333,6.001781,"Bookmakers, croupiers and related gaming workers"
"4213",0.4566841,0.6920065,0.5623606,6.518089,5.55875,6.03842,63.09375,31.0625,35.34375,56.60417,52.90625,35,0.5758333,6.001781,"Pawnbrokers and money-lenders"
"4214",0.5002778,0.7005297,0.5738993,6.601304,5.340352,5.970828,60.75,39.5,31,62.66667,46.25,60,0.5758333,6.001781,"Debt collectors and related workers"
"4220",0.4884161,0.6833828,0.5596483,6.489292,5.325568,5.90743,58.97292,48.125,35.39375,61.71736,40.79896,48.04167,0.5758333,6.001781,"Client information workers"
"4221",0.5618519,0.6705019,0.5641947,6.436819,4.802754,5.619786,66.83334,54,47.5,69.77778,39,60,0.5758333,6.001781,"Travel consultants and clerks"
"4222",0.4540972,0.676304,0.5661306,6.482806,5.543252,6.013029,54.5,43.75,31.5,57.08333,40.625,45,0.5758333,6.001781,"Contact centre information clerks"
"4223",0.4054167,0.6997268,0.5376812,6.486005,5.862153,6.174079,42.75,37.5,36.25,58.5,28.25,40,0.5758333,6.001781,"Telephone switchboard operators"
"4224",0.5576389,0.6622895,0.5574254,6.364114,4.781098,5.572606,71.25,60.25,38.75,63.83334,50.5,50,0.5758333,6.001781,"Hotel receptionists"
"4225",0.4590278,0.6809385,0.5698612,6.522058,5.544497,6.033278,59.5,45.75,24.25,59.66666,46.25,40,0.5758333,6.001781,"Inquiry clerks"
"4226",0.4538889,0.6744654,0.5666638,6.491278,5.551846,6.021562,60.5,42,27,60.33333,42.5,40,0.5758333,6.001781,"Receptionists (general)"
"4227",0.5505555,0.7100461,0.5602509,6.619223,5.021416,5.820319,62,63.5,43,60.33333,41.5,60,0.5758333,6.001781,"Survey and market research interviewers"
"4229",0.4648519,0.6927903,0.5549788,6.512033,5.497531,6.004782,54.45,38.25,34.9,64.21111,37.76667,49.33333,0.5758333,6.001781,"Client information workers not elsewhere classified"
"4300",0.4984732,0.6516081,0.5693063,6.413239,5.201783,5.807512,57.04688,49.64236,32.65799,63.58912,47.53646,48.61111,0.5758333,6.001781,"Numerical and material recording clerks"
"4310",0.4526562,0.6814563,0.5745999,6.587332,5.642531,6.114932,52.76042,32.34028,26.37153,59.21527,43.68403,57.22222,0.5758333,6.001781,"Numerical clerks"
"4311",0.4490278,0.6696697,0.5778151,6.569447,5.652227,6.110837,47,32,25.25,57.16666,48,60,0.5758333,6.001781,"Accounting and bookkeeping clerks"
"4312",0.4722743,0.6897436,0.5710356,6.591086,5.515591,6.053339,52.28125,39.52083,30.86458,65.47916,43.55208,51.66667,0.5758333,6.001781,"Statistical, finance and insurance clerks"
"4313",0.4366667,0.6849554,0.5749489,6.601463,5.759777,6.18062,59,25.5,23,55,39.5,60,0.5758333,6.001781,"Payroll clerks"
"4320",0.5442901,0.6217599,0.5640127,6.239148,4.761035,5.500092,61.33333,66.94444,38.94444,67.96297,51.38889,40,0.5758333,6.001781,"Material recording and transport clerks"
"4321",0.5025926,0.5400081,0.5389853,5.776328,4.659879,5.218103,61.5,58.83333,38.33333,56.22222,46.66667,40,0.5758333,6.001781,"Stock clerks"
"4322",0.5430556,0.642665,0.5707924,6.350068,4.864857,5.607462,64,55.5,33.5,75.33334,57.5,40,0.5758333,6.001781,"Production clerks"
"4323",0.5872222,0.6826066,0.5822604,6.591047,4.758369,5.674708,58.5,86.5,45,72.33334,50,40,0.5758333,6.001781,"Transport clerks"
"4400",0.4858016,0.6277174,0.5551243,6.211355,5.1143,5.662827,52.92321,46.78036,36.9375,56.6631,45.03393,53.14286,0.5758333,6.001781,"Other clerical support workers"
"4410",0.4858016,0.6277174,0.5551243,6.211355,5.1143,5.662827,52.92321,46.78036,36.9375,56.6631,45.03393,53.14286,0.5758333,6.001781,"Other clerical support workers"
"4411",0.4980555,0.6055545,0.5482433,6.089088,4.939146,5.514117,65.25,40,39.75,55.83333,48,50,0.5758333,6.001781,"Library clerks"
"4412",0.481,0.5194314,0.5248121,5.624753,4.657356,5.141055,49.5,49.9,51.7,60.4,37.1,40,0.5758333,6.001781,"Mail carriers and sorting clerks"
"4413",0.4469445,0.7089832,0.5713698,6.615321,5.703876,6.159599,44.5,20.5,29,56.66667,37.5,80,0.5758333,6.001781,"Coding, proofreading and related clerks"
"4414",0.5785416,0.6041046,0.5352437,6.000819,4.376306,5.188562,57.25,68.25,49.375,67,55.25,50,0.5758333,6.001781,"Scribes and related workers"
"4415",0.4133334,0.5716234,0.5548072,5.982029,5.355591,5.66881,41.75,51,30.75,41.5,43,40,0.5758333,6.001781,"Filing and copying clerks"
"4416",0.4927778,0.7127941,0.5747854,6.644495,5.424491,6.034493,53.5,50.5,27.5,55.66667,48.5,60,0.5758333,6.001781,"Personnel clerks"
"4419",0.4899583,0.6715307,0.5766086,6.522978,5.343334,5.933156,58.7125,47.3125,30.4875,59.575,45.8875,52,0.5758333,6.001781,"Clerical support workers not elsewhere classified"
"5000",0.5592625,0.5883542,0.5378292,5.947117,4.462646,5.204882,62.5808,58.54485,52.03958,63.19744,52.53431,46.66051,0.5758333,6.001781,"Services and sales workers"
"5100",0.5664025,0.573147,0.5341897,5.863119,4.348799,5.105959,61.69799,61.94017,52.36956,62.09663,53.07513,48.662,0.5758333,6.001781,"Personal services workers"
"5110",0.5889814,0.5996121,0.5439018,6.037376,4.344543,5.19096,63.97223,68.88889,62.36111,66.33334,47.38889,44.44444,0.5758333,6.001781,"Travel attendants, conductors and guides"
"5111",0.604537,0.574208,0.532587,5.885723,4.151386,5.018555,66.83334,75.5,66.33334,70.88889,43.16667,40,0.5758333,6.001781,"Travel attendants and travel stewards"
"5112",0.5501389,0.5839051,0.5451313,5.983058,4.531621,5.257339,52.25,68.5,65.5,62.33334,41.5,40,0.5758333,6.001781,"Transport conductors"
"5113",0.6122685,0.6407231,0.553987,6.243348,4.350624,5.296986,72.83334,62.66667,55.25,65.77778,57.5,53.33333,0.5758333,6.001781,"Travel guides"
"5120",0.5246297,0.5396176,0.537479,5.757139,4.512799,5.134969,53.44444,65.88889,41.76389,59.44444,50.90278,43.33333,0.5758333,6.001781,"Cooks"
"5130",0.4680555,0.5488919,0.5194283,5.706983,4.800334,5.253658,53.875,47.5,43.75,51.33333,44.375,40,0.5758333,6.001781,"Waiters and bartenders"
"5131",0.4986111,0.5469152,0.5111855,5.657045,4.582554,5.1198,59.25,58.5,45.5,51.66666,44.25,40,0.5758333,6.001781,"Waiters"
"5132",0.4375,0.5508686,0.527671,5.75692,5.018115,5.387517,48.5,36.5,42,51,44.5,40,0.5758333,6.001781,"Bartenders"
"5140",0.5645949,0.5706131,0.5440013,5.890764,4.382025,5.136395,57.70833,57.125,49.14584,60.44445,57.66667,56.66666,0.5758333,6.001781,"Hairdressers, beauticians and related workers"
"5141",0.5818056,0.5708996,0.5422379,5.886141,4.275666,5.080903,60.33333,59.66667,46.75,64.66667,57.66667,60,0.5758333,6.001781,"Hairdressers"
"5142",0.5473843,0.5703266,0.5457646,5.895388,4.488384,5.191886,55.08333,54.58333,51.54167,56.22222,57.66667,53.33333,0.5758333,6.001781,"Beauticians and related workers"
"5150",0.5591534,0.5366423,0.5220708,5.644156,4.226836,4.935496,62.95238,73.81548,44.63691,60.99207,51.19048,41.90476,0.5758333,6.001781,"Building and housekeeping supervisors"
"5151",0.5819444,0.5546447,0.5299498,5.770702,4.196583,4.983643,72.5,85.5,43.5,60.66667,47,40,0.5758333,6.001781,"Cleaning and housekeeping supervisors in offices, hotels and other establishments"
"5152",0.5810714,0.5627946,0.5258901,5.774563,4.202595,4.988579,65.35715,72.94643,48.91071,62.64286,53.07143,45.71429,0.5758333,6.001781,"Domestic housekeepers"
"5153",0.5144445,0.4924877,0.5103725,5.387205,4.281332,4.834268,51,63,41.5,59.66667,53.5,40,0.5758333,6.001781,"Building caretakers"
"5160",0.5990845,0.5926848,0.5364948,5.945965,4.222988,5.084476,65.24683,58.28847,56.9555,65.1111,58.59217,55.25661,0.5758333,6.001781,"Other personal services workers"
"5161",0.5904218,0.5761976,0.5311629,5.834023,4.191078,5.012551,68.75,51.37963,55.32407,58.08642,56.26852,64.44444,0.5758333,6.001781,"Astrologers, fortune-tellers and related workers"
"5162",0.5790939,0.5930513,0.5307727,5.926687,4.320406,5.123547,57.57143,65.63095,51.02381,66.20635,56.54762,50.47619,0.5758333,6.001781,"Companions and valets"
"5163",0.6611111,0.5595345,0.5366545,5.814301,3.767857,4.791079,69.66666,66.66666,74.33334,75.33334,57.33333,53.33333,0.5758333,6.001781,"Undertakers and embalmers"
"5164",0.602257,0.5599552,0.5286273,5.791688,4.093058,4.942373,63.75,60.875,62.9375,68.91667,59.875,45,0.5758333,6.001781,"Pet groomers and animal care workers"
"5165",0.5658333,0.6566482,0.5539713,6.271835,4.662064,5.46695,66.5,40.5,47,59,66.5,60,0.5758333,6.001781,"Driving instructors"
"5169",0.5957897,0.6107218,0.5377801,6.037252,4.303462,5.170357,65.24286,64.67857,51.11428,63.12381,55.02857,58.28571,0.5758333,6.001781,"Personal services workers not elsewhere classified"
"5200",0.4998682,0.6247454,0.5394874,6.105159,4.942491,5.523825,63.19872,45.20513,44.24359,58.68376,51.66667,36.92308,0.5758333,6.001781,"Sales workers"
"5210",0.4795139,0.6735581,0.5474684,6.326926,5.264696,5.795811,71.125,35.25,43,54.08334,59.25,25,0.5758333,6.001781,"Street and market salespersons"
"5211",0.4544445,0.7154257,0.5562189,6.533611,5.584422,6.059017,73.5,23.5,41.5,51.66667,62.5,20,0.5758333,6.001781,"Stall and market salespersons"
"5212",0.5045834,0.6316906,0.538718,6.120241,4.94497,5.532606,68.75,47,44.5,56.5,56,30,0.5758333,6.001781,"Street food salespersons"
"5220",0.5907407,0.616026,0.5477811,6.121495,4.389167,5.255331,63.16667,68.41666,46.66667,67.94444,54.91667,53.33333,0.5758333,6.001781,"Shop salespersons"
"5221",0.6930556,0.644051,0.5609186,6.293708,3.877624,5.085666,73,85,39.5,80.33334,58,80,0.5758333,6.001781,"Shopkeepers"
"5222",0.5513889,0.6032659,0.5421786,6.043226,4.579423,5.311325,61.5,69,46,60.33333,54,40,0.5758333,6.001781,"Shop supervisors"
"5223",0.5277778,0.6007612,0.5402462,6.027552,4.710454,5.369003,55,51.25,54.5,63.16667,52.75,40,0.5758333,6.001781,"Shop sales assistants"
"5230",0.4455556,0.5770043,0.5393585,5.967376,5.152724,5.56005,55.25,34.75,39.75,55.33334,42.25,40,0.5758333,6.001781,"Cashiers and ticket clerks"
"5240",0.4744973,0.6213559,0.5336711,6.054479,5.057538,5.556008,62.08333,39.59524,44.20238,56.50794,49.45238,32.85714,0.5758333,6.001781,"Other sales workers"
"5241",0.3972222,0.5429563,0.5091135,5.528823,5.041979,5.285401,51.5,14.5,34.5,49.33333,48.5,40,0.5758333,6.001781,"Fashion and other models"
"5242",0.4972222,0.6146547,0.5462774,6.090277,4.944967,5.517622,66,40,37.5,58.33333,56.5,40,0.5758333,6.001781,"Sales demonstrators"
"5243",0.4544445,0.7154257,0.5562189,6.533611,5.584422,6.059017,73.5,23.5,41.5,51.66667,62.5,20,0.5758333,6.001781,"Door-to-door salespersons"
"5244",0.4166667,0.750878,0.5186095,6.538582,5.835684,6.187133,52.5,29.5,38.5,55,34.5,40,0.5758333,6.001781,"Contact centre salespersons"
"5245",0.6277778,0.5415229,0.5425121,5.792329,3.945373,4.868851,64.75,77.25,65.25,77.66667,51.75,40,0.5758333,6.001781,"Service station attendants"
"5246",0.444537,0.5272085,0.5127467,5.595956,4.841116,5.218536,60.33333,55.91667,42.91667,48.88889,38.66667,20,0.5758333,6.001781,"Food service counter attendants"
"5249",0.4836111,0.6568452,0.5502199,6.301773,5.209226,5.755499,66,36.5,49.25,54.66667,53.75,30,0.5758333,6.001781,"Sales workers not elsewhere classified"
"5300",0.5871771,0.5900388,0.5421049,5.973777,4.303715,5.138746,60.53333,65.05209,49.525,64.02084,53.84167,59.33333,0.5758333,6.001781,"Personal care workers"
"5310",0.6165857,0.6298524,0.5646307,6.236238,4.310445,5.273342,68.375,57.3125,47.70834,62.55556,59,75,0.5758333,6.001781,"Child care workers and teachers’ aides"
"5311",0.5913194,0.6057545,0.5452167,6.045576,4.33566,5.190619,59.75,65.625,54.25,68.66667,56.5,50,0.5758333,6.001781,"Child care workers"
"5312",0.6418519,0.6539503,0.5840449,6.4269,4.285229,5.356065,77,49,41.16667,56.44445,61.5,100,0.5758333,6.001781,"Teachers’ aides"
"5320",0.5675714,0.5634964,0.5270877,5.798802,4.299228,5.049015,55.30556,70.21181,50.73611,64.99769,50.40278,48.88889,0.5758333,6.001781,"Personal care workers in health services"
"5321",0.5770833,0.55226,0.5198743,5.718919,4.187682,4.9533,53.25,76.25,56.25,59.5,51,50,0.5758333,6.001781,"Health care assistants"
"5322",0.5574537,0.5865358,0.5334663,5.915169,4.437535,5.176352,54.16667,65.66666,48.08333,66.55556,53.33333,46.66667,0.5758333,6.001781,"Home-based personal care workers"
"5329",0.5681771,0.5516932,0.5279224,5.76232,4.272467,5.017393,58.5,68.71875,47.875,68.9375,46.875,50,0.5758333,6.001781,"Personal care workers in health services not elsewhere classified"
"5400",0.6614971,0.543757,0.5416168,5.795146,3.761062,4.778104,66.02322,75.17679,73.70178,77.85238,51.64405,52.5,0.5758333,6.001781,"Protective services workers"
"5410",0.6614971,0.543757,0.5416168,5.795146,3.761062,4.778104,66.02322,75.17679,73.70178,77.85238,51.64405,52.5,0.5758333,6.001781,"Protective services workers"
"5411",0.7384722,0.5037246,0.5389285,5.603296,3.194285,4.39879,71,86.75,87,81.33334,57,60,0.5758333,6.001781,"Firefighters"
"5412",0.7077778,0.5409353,0.5426658,5.781797,3.474969,4.628383,66.5,78.5,83.5,82,54.16667,60,0.5758333,6.001781,"Police officers"
"5413",0.6658334,0.5419441,0.5265163,5.708692,3.668595,4.688643,74.5,84.25,67,74,49.75,50,0.5758333,6.001781,"Prison guards"
"5414",0.5911012,0.56633,0.5543006,5.968584,4.290247,5.129416,59.41071,66.21429,62.83929,74.28571,46.91071,45,0.5758333,6.001781,"Security guards"
"5419",0.6043006,0.565851,0.5456727,5.913359,4.177215,5.045287,58.70536,60.16964,68.16964,77.64286,50.39286,47.5,0.5758333,6.001781,"Protective services workers not elsewhere classified"
"6000",0.5606443,0.5012324,0.5356312,5.592018,4.173975,4.882996,48.62732,60.30671,65.68866,67.43519,54.46759,39.86111,0.5758333,6.001781,"Skilled agricultural, forestry and fishery workers"
"6100",0.5734722,0.5127326,0.5377996,5.656517,4.15176,4.904138,48.55556,62.19444,63.90741,68.42593,56.55556,44.44444,0.5758333,6.001781,"Market-oriented skilled agricultural workers"
"6110",0.5658218,0.5047648,0.5379213,5.629816,4.174468,4.902142,52.41667,66.22916,66.375,63.09722,51.375,40,0.5758333,6.001781,"Market gardeners and crop growers"
"6111",0.5545833,0.5091158,0.5407968,5.666536,4.261451,4.963994,52.5,64.75,64,61.5,50,40,0.5758333,6.001781,"Field crop and vegetable growers"
"6112",0.5545833,0.5091158,0.5407968,5.666536,4.261451,4.963994,52.5,64.75,64,61.5,50,40,0.5758333,6.001781,"Tree and shrub crop growers"
"6113",0.599537,0.4917117,0.5292948,5.519656,3.913519,4.716588,52.16667,70.66666,73.5,67.88889,55.5,40,0.5758333,6.001781,"Gardeners; horticultural and nursery growers"
"6114",0.5545833,0.5091158,0.5407968,5.666536,4.261451,4.963994,52.5,64.75,64,61.5,50,40,0.5758333,6.001781,"Mixed crop growers"
"6120",0.5883333,0.5219065,0.5380219,5.689269,4.093038,4.891153,45.5,59.5,62,74.5,61.5,50,0.5758333,6.001781,"Animal producers"
"6121",0.5883333,0.5219065,0.5380219,5.689269,4.093038,4.891153,45.5,59.5,62,74.5,61.5,50,0.5758333,6.001781,"Livestock and dairy producers"
"6122",0.5883333,0.5219065,0.5380219,5.689269,4.093038,4.891153,45.5,59.5,62,74.5,61.5,50,0.5758333,6.001781,"Poultry producers"
"6123",0.5883333,0.5219065,0.5380219,5.689269,4.093038,4.891153,45.5,59.5,62,74.5,61.5,50,0.5758333,6.001781,"Apiarists and sericulturists"
"6129",0.5883333,0.5219065,0.5380219,5.689269,4.093038,4.891153,45.5,59.5,62,74.5,61.5,50,0.5758333,6.001781,"Animal producers not elsewhere classified"
"6130",0.5446296,0.507908,0.5364234,5.632311,4.295814,4.964062,45.33333,56.83333,61.66667,65.44444,57.5,40,0.5758333,6.001781,"Mixed crop and animal producers"
"6200",0.582625,0.5021241,0.5397643,5.615695,4.06785,4.841772,50.60833,63.35417,65.69583,73.93333,54.48333,41.5,0.5758333,6.001781,"Market-oriented skilled forestry, fishery and hunting workers"
"6210",0.5835416,0.490346,0.5427428,5.591495,4.05111,4.821302,52.29167,67.52084,61.72917,76.16666,54.91667,37.5,0.5758333,6.001781,"Forestry and related workers"
"6220",0.5823959,0.5050686,0.5390197,5.621745,4.072035,4.846889,50.1875,62.3125,66.6875,73.375,54.375,42.5,0.5758333,6.001781,"Fishery workers, hunters and trappers"
"6221",0.5883333,0.5219065,0.5380219,5.689269,4.093038,4.891153,45.5,59.5,62,74.5,61.5,50,0.5758333,6.001781,"Aquaculture workers"
"6222",0.5804167,0.4974959,0.5372126,5.583576,4.052501,4.818039,51.75,63.25,68.25,73,52,40,0.5758333,6.001781,"Inland and coastal waters fishery workers"
"6223",0.5804167,0.4974959,0.5372126,5.583576,4.052501,4.818039,51.75,63.25,68.25,73,52,40,0.5758333,6.001781,"Deep-sea fishery workers"
"6224",0.5804167,0.5033761,0.5436316,5.630557,4.090098,4.860328,51.75,63.25,68.25,73,52,40,0.5758333,6.001781,"Hunters and trappers"
"6300",0.5043055,0.4742427,0.5255861,5.417297,4.356615,4.886956,46.3125,52.25,69.6875,57.08333,49.75,27.5,0.5758333,6.001781,"Subsistence farmers, fishers, hunters and gatherers"
"6310",0.46,0.4634438,0.514467,5.311541,4.510383,4.910962,52.5,48.5,68.5,42,44.5,20,0.5758333,6.001781,"Subsistence crop farmers"
"6320",0.5455555,0.4928357,0.5321112,5.534948,4.226548,4.880748,42,58.5,71,63.33333,52.5,40,0.5758333,6.001781,"Subsistence livestock farmers"
"6330",0.5027778,0.4781398,0.5232891,5.423244,4.368465,4.895855,47.25,53.5,69.75,52.66666,48.5,30,0.5758333,6.001781,"Subsistence mixed crop and livestock farmers"
"6340",0.5088889,0.4625516,0.532477,5.399456,4.321064,4.86026,43.5,48.5,69.5,70.33334,53.5,20,0.5758333,6.001781,"Subsistence fishers, hunters, trappers and gatherers"
"7000",0.5412877,0.5057687,0.539767,5.629388,4.319831,4.974609,52.91715,61.87655,50.50888,64.14362,50.47495,44.85143,0.5758333,6.001781,"Craft and related trades workers"
"7100",0.5893093,0.4879286,0.5287106,5.484686,3.935604,4.710145,54.95364,70.63073,66.15469,65.81631,52.30104,43.72917,0.5758333,6.001781,"Building and related trades workers (excluding electricians)"
"7110",0.6192484,0.5029632,0.5380805,5.59731,3.842653,4.719981,56.78056,75.64444,73.61389,66.78519,50.50278,48.22222,0.5758333,6.001781,"Building frame and related trades workers"
"7111",0.7269444,0.6405056,0.6023374,6.498469,3.783553,5.141011,72,86.5,65.5,77.66666,54.5,80,0.5758333,6.001781,"House builders"
"7112",0.57125,0.4655412,0.5211,5.360294,3.961518,4.660906,45.25,69,78,61,49.5,40,0.5758333,6.001781,"Bricklayers and related workers"
"7113",0.6054167,0.4819398,0.5233266,5.426626,3.821348,4.623987,54.25,68.5,79.75,60.5,50.25,50,0.5758333,6.001781,"Stonemasons, stone cutters, splitters and carvers"
"7114",0.559074,0.4630176,0.5218879,5.353008,4.011436,4.682222,54.33333,72.16666,69.83334,61.11111,44.66667,33.33333,0.5758333,6.001781,"Concrete placers, concrete finishers and related workers"
"7115",0.6363889,0.4794588,0.5259576,5.435905,3.657156,4.546531,62.5,84.5,73,72.33334,49.5,40,0.5758333,6.001781,"Carpenters and joiners"
"7119",0.6164167,0.4873159,0.533873,5.509556,3.820904,4.66523,52.35,73.2,75.6,68.1,54.6,46,0.5758333,6.001781,"Building frame and related trades workers not elsewhere classified"
"7120",0.6029068,0.4814722,0.5239429,5.435568,3.832994,4.634281,54.94643,70.625,68.39881,68.58333,56.57143,42.61905,0.5758333,6.001781,"Building finishers and related trades workers"
"7121",0.62,0.453079,0.5096662,5.244433,3.614288,4.429361,53.5,74.5,88.5,65,50.5,40,0.5758333,6.001781,"Roofers"
"7122",0.5340972,0.474043,0.5198952,5.376505,4.166674,4.77159,50.375,63.625,42.125,66.08333,63.25,35,0.5758333,6.001781,"Floor layers and tile setters"
"7123",0.5133333,0.4599758,0.5159094,5.291686,4.211357,4.751522,51,61,56.16667,60,46.5,33.33333,0.5758333,6.001781,"Plasterers"
"7124",0.5734723,0.4752192,0.5190046,5.383828,3.958101,4.670964,53,65.75,63.5,66.33334,55.5,40,0.5758333,6.001781,"Insulation workers"
"7125",0.6661111,0.4775941,0.5224119,5.408525,3.477982,4.443254,64,74.5,82,77.66666,61.5,40,0.5758333,6.001781,"Glaziers"
"7126",0.6606945,0.4875864,0.5319722,5.505657,3.570432,4.538045,55.75,77.25,82.75,73.16666,57.5,50,0.5758333,6.001781,"Plumbers and pipe fitters"
"7127",0.6526389,0.5428081,0.5487408,5.838341,3.832124,4.835233,57,77.75,63.75,71.83333,61.25,60,0.5758333,6.001781,"Air conditioning and refrigeration mechanics"
"7130",0.4977037,0.4729244,0.5210956,5.374046,4.360929,4.867487,51.31667,60.61666,46,57.42222,45.93333,37.33333,0.5758333,6.001781,"Painters, building structure cleaners and related trades workers"
"7131",0.5241667,0.4599445,0.5153952,5.287336,4.14993,4.718633,49.25,63.25,53,60,49,40,0.5758333,6.001781,"Painters and related workers"
"7132",0.5091667,0.4642104,0.5410963,5.455611,4.364489,4.91005,54.5,62,48.5,61,39.5,40,0.5758333,6.001781,"Spray painters and varnishers"
"7133",0.4597778,0.4946183,0.5067951,5.379189,4.568367,4.973778,50.2,56.6,36.5,51.26667,49.3,32,0.5758333,6.001781,"Building structure cleaners"
"7200",0.5572612,0.4984123,0.537953,5.599851,4.207535,4.903693,55.2953,65.90748,52.47649,65.65413,49.38226,45.64103,0.5758333,6.001781,"Metal, machinery and related trades workers"
"7210",0.5576482,0.4756979,0.5306972,5.460128,4.105645,4.782887,56.81667,68.56667,58.51667,62.32222,45.7,42.66667,0.5758333,6.001781,"Sheet and structural metal workers, moulders and welders, and related workers"
"7211",0.4798611,0.4683583,0.5173109,5.38403,4.462086,4.923059,50.5,62.75,40.75,57.66666,36.25,40,0.5758333,6.001781,"Metal moulders and coremakers"
"7212",0.45125,0.4856583,0.5362314,5.538748,4.752768,5.145758,46.75,51.25,35.5,53.5,43.75,40,0.5758333,6.001781,"Welders and flame cutters"
"7213",0.5555556,0.4918278,0.5415812,5.58463,4.211907,4.898269,57.83333,65,59.33333,61.66667,42.83333,46.66667,0.5758333,6.001781,"Sheet metal workers"
"7214",0.6351852,0.4559478,0.517592,5.309259,3.576487,4.442873,56,81.33334,75.5,64.44444,57.16667,46.66667,0.5758333,6.001781,"Structural metal preparers and erectors"
"7215",0.6663889,0.4766975,0.5407705,5.483974,3.524976,4.504475,73,82.5,81.5,74.33334,48.5,40,0.5758333,6.001781,"Riggers and cable splicers"
"7220",0.5058333,0.5027633,0.5424563,5.654841,4.540221,5.097531,53.9375,64.30209,38.45833,62.58333,42.55208,41.66666,0.5758333,6.001781,"Blacksmiths, toolmakers and related trades workers"
"7221",0.5228968,0.5057408,0.5390722,5.65006,4.441851,5.045956,59.14286,70.53571,41.07143,62.95238,40.03571,40,0.5758333,6.001781,"Blacksmiths, hammersmiths and forging press workers"
"7222",0.5473148,0.5202627,0.5540958,5.7717,4.398666,5.085183,56.25,59.25,42.25,68.88889,48.41667,53.33333,0.5758333,6.001781,"Toolmakers and related workers"
"7223",0.4861773,0.4981542,0.5380035,5.619966,4.624601,5.122283,52.10714,60.67262,32.01191,64.82539,38.75595,43.33333,0.5758333,6.001781,"Metal working machine tool setters and operators"
"7224",0.4669445,0.4868953,0.5386536,5.577639,4.695765,5.136702,48.25,66.75,38.5,53.66667,43,30,0.5758333,6.001781,"Metal polishers, wheel grinders and tool sharpeners"
"7230",0.6082053,0.5224543,0.5425195,5.719514,4.002211,4.860862,54.75139,64.18889,58.94444,72.88982,60.81528,53.33333,0.5758333,6.001781,"Machinery mechanics and repairers"
"7231",0.5896111,0.5047725,0.5358186,5.611276,4.032613,4.821945,51.45,59.95,60.25,71.96667,60.15,50,0.5758333,6.001781,"Motor vehicle mechanics and repairers"
"7232",0.6215278,0.5463007,0.5538157,5.882306,4.039758,4.961032,55,65.25,57.75,74.66667,60.25,60,0.5758333,6.001781,"Aircraft engine mechanics and repairers"
"7233",0.6082098,0.4927923,0.5353372,5.562452,3.895077,4.728765,55.05556,68.05556,68.27778,68.59259,51.61111,53.33333,0.5758333,6.001781,"Agricultural and industrial machinery mechanics and repairers"
"7234",0.6134722,0.5459516,0.5451065,5.822021,4.041396,4.931708,57.5,63.5,49.5,76.33333,71.25,50,0.5758333,6.001781,"Bicycle and related repairers"
"7300",0.4789726,0.5200238,0.5524701,5.74529,4.765139,5.255215,49.32083,46.92222,31.68264,58.59815,52.24861,48.61111,0.5758333,6.001781,"Handicraft and printing workers"
"7310",0.4815314,0.5150543,0.5495033,5.71088,4.719326,5.215103,49.03889,44.92408,32.63241,57.59383,55.47037,49.25926,0.5758333,6.001781,"Handicraft workers"
"7311",0.5276945,0.549154,0.5705039,5.971792,4.666332,5.319062,49.6,38.4,35.15,65.56667,67.9,60,0.5758333,6.001781,"Precision-instrument makers and repairers"
"7312",0.5969445,0.5561505,0.5473543,5.910364,4.202531,5.056448,59.5,63.25,43.25,66.66667,65.5,60,0.5758333,6.001781,"Musical instrument makers and tuners"
"7313",0.4931945,0.5315533,0.581397,5.964127,4.866561,5.415344,52.125,46,29.125,59.16667,49.5,60,0.5758333,6.001781,"Jewellery and precious metal workers"
"7314",0.4750834,0.4936639,0.5436199,5.557803,4.6359,5.096851,46.45,45.15,33.9,55.3,52.25,52,0.5758333,6.001781,"Potters and related workers"
"7315",0.4081111,0.4888532,0.5351119,5.541688,4.996741,5.269214,40.13334,56.26667,31.93333,47.53333,41,28,0.5758333,6.001781,"Glass makers, cutters, grinders and finishers"
"7316",0.4233333,0.5121938,0.5454349,5.671703,5.021366,5.346535,53,39.5,29.5,52.5,49.5,30,0.5758333,6.001781,"Signwriters, decorative painters, engravers and etchers"
"7317",0.4908102,0.4965402,0.5424715,5.57693,4.563405,5.070168,48.04166,45.25,34.83334,56.94444,56.08334,53.33334,0.5758333,6.001781,"Handicraft workers in wood, basketry and related materials"
"7318",0.4475,0.4998541,0.5305923,5.587921,4.814926,5.201423,47,38.5,24.5,63,55.5,40,0.5758333,6.001781,"Handicraft workers in textile, leather and related materials"
"7319",0.4711111,0.5075254,0.5490442,5.61559,4.706176,5.160883,45.5,32,31.5,51.66667,62,60,0.5758333,6.001781,"Handicraft workers not elsewhere classified"
"7320",0.4712963,0.5349324,0.5613706,5.848521,4.902577,5.375549,50.16667,52.91667,28.83333,61.61111,42.58333,46.66667,0.5758333,6.001781,"Printing trades workers"
"7321",0.4555556,0.5832021,0.5982687,6.204643,5.296419,5.750531,50.5,32.75,31,54.83334,44.25,60,0.5758333,6.001781,"Pre-press technicians"
"7322",0.4977778,0.5137759,0.5492948,5.714819,4.636941,5.17588,52,64,26.5,70.66666,45.5,40,0.5758333,6.001781,"Printers"
"7323",0.4605555,0.5078192,0.5365483,5.626101,4.774373,5.200237,48,62,29,59.33333,38,40,0.5758333,6.001781,"Print finishing and binding workers"
"7400",0.620551,0.5224946,0.5493843,5.742049,3.954035,4.848042,55.80275,67.33022,64.92912,71.82674,57.93626,54.50549,0.5758333,6.001781,"Electrical and electronics trades workers"
"7410",0.6406802,0.5165293,0.5475425,5.708004,3.814425,4.761214,56.8141,73.1218,68.76282,74.23505,59.67949,51.79487,0.5758333,6.001781,"Electrical equipment installers and repairers"
"7411",0.6311111,0.5024458,0.5491908,5.64606,3.825923,4.735991,55.75,68.75,69.5,74.66667,60,50,0.5758333,6.001781,"Building and related electricians"
"7412",0.6110684,0.5138751,0.5458124,5.691718,3.970697,4.831207,55.69231,63.61538,63.03846,72.8718,56.03846,55.38462,0.5758333,6.001781,"Electrical mechanics and fitters"
"7413",0.6798611,0.5332671,0.5476242,5.786233,3.646655,4.716444,59,87,73.75,75.16667,63,50,0.5758333,6.001781,"Electrical line installers and repairers"
"7420",0.5903572,0.5314424,0.552147,5.793118,4.163449,4.978283,54.28571,58.64286,59.17857,68.21429,55.32143,58.57143,0.5758333,6.001781,"Electronics and telecommunications installers and repairers"
"7421",0.5974603,0.5373017,0.5542521,5.830024,4.148633,4.989329,56.28571,62.14286,57.35714,69.19048,53.5,60,0.5758333,6.001781,"Electronics mechanics and servicers"
"7422",0.583254,0.5255831,0.5500418,5.756212,4.178265,4.967238,52.28571,55.14286,61,67.2381,57.14286,57.14286,0.5758333,6.001781,"Information and communications technology installers and servicers"
"7500",0.5100607,0.5120878,0.5397651,5.666643,4.52447,5.095556,51.17854,59.86229,44.40396,63.23014,46.79479,40.56667,0.5758333,6.001781,"Food processing, woodworking, garment and other craft and related trades workers"
"7510",0.4860702,0.520876,0.534775,5.691135,4.677666,5.184401,51.07083,60.225,42.26667,62.10741,39.36111,36.61111,0.5758333,6.001781,"Food processing and related trades workers"
"7511",0.4811805,0.4932722,0.5210475,5.508307,4.563854,5.03608,49.625,62.5,41.5,63.83333,36.25,35,0.5758333,6.001781,"Butchers, fishmongers and related food preparers"
"7512",0.4863889,0.5454508,0.5536395,5.860904,4.822222,5.341563,50,60.5,29.5,63.33333,48.5,40,0.5758333,6.001781,"Bakers, pastry-cooks and confectionery makers"
"7513",0.49375,0.5229133,0.5393007,5.737752,4.678396,5.208074,55.25,67.25,34.25,65.5,34,40,0.5758333,6.001781,"Dairy products makers"
"7514",0.5277315,0.5333919,0.5369313,5.782012,4.51738,5.149696,51.75,63.25,47.83334,69.05556,44.75,40,0.5758333,6.001781,"Fruit, vegetable and related preservers"
"7515",0.4797222,0.5415174,0.5335764,5.764018,4.752851,5.258434,50.5,52.75,60.25,55.83334,38.5,30,0.5758333,6.001781,"Food and beverage tasters and graders"
"7516",0.4476482,0.4887107,0.5241545,5.493816,4.731294,5.112555,49.3,55.1,40.26667,55.08889,34.16667,34.66667,0.5758333,6.001781,"Tobacco preparers and tobacco products makers"
"7520",0.5131944,0.4886434,0.5297732,5.532299,4.402402,4.96735,53.25,64.20834,37.25,64.5,45.375,43.33333,0.5758333,6.001781,"Wood treaters, cabinet-makers and related trades workers"
"7521",0.5290278,0.4947902,0.520928,5.523051,4.308957,4.916004,54.25,76.75,39,70.16667,37.25,40,0.5758333,6.001781,"Wood treaters"
"7522",0.5186111,0.4881419,0.5376436,5.548779,4.383044,4.965911,50.5,56.875,38.25,63.66666,51.875,50,0.5758333,6.001781,"Cabinet-makers and related workers"
"7523",0.4919445,0.482998,0.530748,5.525065,4.515206,5.020136,55,59,34.5,59.66667,47,40,0.5758333,6.001781,"Woodworking machine tool setters and operators"
"7530",0.4562076,0.5029722,0.5417539,5.632676,4.801016,5.216846,45.82986,46.78125,32.80208,58.58565,50.55903,39.16667,0.5758333,6.001781,"Garment and related trades workers"
"7531",0.4894444,0.5341311,0.5583673,5.840518,4.787602,5.31406,42.5,58.5,34.5,68.66666,49.5,40,0.5758333,6.001781,"Tailors, dressmakers, furriers and hatters"
"7532",0.4043518,0.5177143,0.5479656,5.725956,5.165907,5.445931,42.66667,42.5,25,53.11111,39.33333,40,0.5758333,6.001781,"Garment and related patternmakers and cutters"
"7533",0.4850695,0.4964787,0.5475926,5.643186,4.657197,5.150191,49.14583,40.85417,38.47917,65.29167,55.60417,41.66667,0.5758333,6.001781,"Sewing, embroidery and related workers"
"7534",0.4594445,0.4657697,0.5410178,5.442407,4.624534,5.033471,41.5,50,33.5,47.66667,63,40,0.5758333,6.001781,"Upholsterers and related workers"
"7535",0.4514352,0.5038853,0.5249879,5.55607,4.755932,5.156001,52.16666,50.33334,40.83333,53.77778,40.41666,33.33334,0.5758333,6.001781,"Pelt dressers, tanners and fellmongers"
"7536",0.4475,0.4998541,0.5305923,5.587921,4.814926,5.201423,47,38.5,24.5,63,55.5,40,0.5758333,6.001781,"Shoemakers and related workers"
"7540",0.6015926,0.5265471,0.5493616,5.758619,4.082018,4.920319,56.48333,72.51666,65.18333,69.38889,52.05,45.33333,0.5758333,6.001781,"Other craft and related workers"
"7541",0.6925,0.4934209,0.5350537,5.537519,3.414804,4.476161,57,82.5,82.5,75,58.5,60,0.5758333,6.001781,"Underwater divers"
"7542",0.6502777,0.504326,0.5506907,5.686134,3.746531,4.716332,60,87.5,82,76.66666,44,40,0.5758333,6.001781,"Shotfirers and blasters"
"7543",0.5497222,0.5727234,0.5578642,6.021355,4.572885,5.29712,63,73,42.5,61.33333,50,40,0.5758333,6.001781,"Product graders and testers (excluding foods and beverages)"
"7544",0.605463,0.5248904,0.5415685,5.709252,4.014673,4.861963,55.16667,59.83333,70.66666,77.44444,53.5,46.66667,0.5758333,6.001781,"Fumigators and other pest and weed controllers"
"7549",0.51,0.537375,0.5616311,5.838835,4.6612,5.250017,47.25,59.75,48.25,56.5,54.25,40,0.5758333,6.001781,"Craft and related workers not elsewhere classified"
"8000",0.5147496,0.5021775,0.5401332,5.635648,4.47197,5.053809,52.89182,64.10172,46.75976,63.46394,42.55209,39.08042,0.5758333,6.001781,"Plant and machine operators and assemblers"
"8100",0.487168,0.4973059,0.5355108,5.59562,4.596675,5.096148,50.83269,62.80383,40.04596,59.68281,39.58102,39.35449,0.5758333,6.001781,"Stationary plant and machine operators"
"8110",0.5558174,0.485765,0.5348126,5.547399,4.17672,4.862059,55.64323,70.57552,55.98959,69.57639,43.68489,38.02083,0.5758333,6.001781,"Mining and mineral processing plant operators"
"8111",0.5587152,0.4680652,0.5353105,5.471848,4.10068,4.786264,54,70.125,52.375,71.85416,49.375,37.5,0.5758333,6.001781,"Miners and quarriers"
"8112",0.4825,0.4893243,0.5300478,5.542048,4.580903,5.061476,53.75,60.75,40,59.5,35.5,40,0.5758333,6.001781,"Mineral and stone processing plant operators"
"8113",0.6434259,0.4870667,0.534392,5.548316,3.692297,4.620306,60.66667,79.33334,83.08334,77.80556,51.83333,33.33333,0.5758333,6.001781,"Well drillers and borers and related workers"
"8114",0.5386285,0.4986038,0.5395001,5.627382,4.332997,4.98019,54.15625,72.09375,48.5,69.14584,38.03125,41.25,0.5758333,6.001781,"Cement, stone and other mineral products machine operators"
"8120",0.4878426,0.4874926,0.5337279,5.54485,4.553815,5.049333,50.95,64.48334,36.68333,62.38889,38.2,40,0.5758333,6.001781,"Metal processing and finishing plant operators"
"8121",0.4871667,0.4811277,0.5347359,5.530396,4.545788,5.038092,49.9,66.3,33.7,65,37.4,40,0.5758333,6.001781,"Metal processing plant operators"
"8122",0.4885185,0.4938575,0.53272,5.559303,4.561841,5.060573,52,62.66667,39.66667,59.77778,39,40,0.5758333,6.001781,"Metal finishing, plating and coating machine operators"
"8130",0.5008611,0.5224088,0.5497385,5.755103,4.651066,5.203084,53.73333,61.46667,44.38333,60.76667,39.5,40.66666,0.5758333,6.001781,"Chemical and photographic products plant and machine operators"
"8131",0.5181111,0.5013756,0.5428786,5.638611,4.454803,5.046707,49.46667,65.93333,44.26667,68.86667,41,41.33333,0.5758333,6.001781,"Chemical products plant and machine operators"
"8132",0.4836111,0.543442,0.5565984,5.871595,4.847328,5.359462,58,57,44.5,52.66667,38,40,0.5758333,6.001781,"Photographic products machine operators"
"8140",0.500936,0.4906675,0.5296857,5.543368,4.479482,5.011425,55.11732,67.24363,36.60571,64.33927,36.98901,40.26667,0.5758333,6.001781,"Rubber, plastic and paper products machine operators"
"8141",0.4850333,0.4863358,0.5266333,5.508034,4.537099,5.022566,49.58,64.86,39.46,61.32,35,40.8,0.5758333,6.001781,"Rubber products machine operators"
"8142",0.4899969,0.4938993,0.534522,5.580045,4.570486,5.075265,52.02198,64.12088,35.35714,62.53114,39.96703,40,0.5758333,6.001781,"Plastic products machine operators"
"8143",0.5277778,0.4917673,0.527902,5.542026,4.33086,4.936443,63.75,72.75,35,69.16667,36,40,0.5758333,6.001781,"Paper products machine operators"
"8150",0.416412,0.4952698,0.534762,5.581115,4.977853,5.279484,44.33333,52.79167,30.16667,47.05556,38.83333,36.66667,0.5758333,6.001781,"Textile, fur and leather products machine operators"
"8151",0.4025,0.4647968,0.5223182,5.40671,4.902084,5.154397,43,48,34.5,44,32,40,0.5758333,6.001781,"Fibre preparing, spinning and winding machine operators"
"8152",0.3544444,0.487141,0.5167315,5.474895,5.227004,5.350949,34,47,22,39.66667,30,40,0.5758333,6.001781,"Weaving and knitting machine operators"
"8153",0.3566667,0.477116,0.5504521,5.600067,5.334064,5.467066,41.5,39,31,38,44.5,20,0.5758333,6.001781,"Sewing machine operators"
"8154",0.4141667,0.5070458,0.5338746,5.646511,5.053627,5.350069,48,55.5,24.5,48,32.5,40,0.5758333,6.001781,"Bleaching, dyeing and fabric cleaning machine operators"
"8155",0.5039815,0.5100905,0.55075,5.695531,4.581244,5.138388,53.83333,55.66667,31.66667,64.22222,50.33333,46.66667,0.5758333,6.001781,"Fur and leather preparing machine operators"
"8156",0.3888889,0.4959662,0.5325168,5.570367,5.126286,5.348326,35,46,32,39.33333,41,40,0.5758333,6.001781,"Shoemaking and related machine operators"
"8157",0.4066667,0.5099114,0.5207027,5.559304,5.017272,5.288288,45.5,75.5,34,39,30,20,0.5758333,6.001781,"Laundry machine operators"
"8159",0.5039815,0.5100905,0.55075,5.695531,4.581244,5.138388,53.83333,55.66667,31.66667,64.22222,50.33333,46.66667,0.5758333,6.001781,"Textile, fur and leather products machine operators not elsewhere classified"
"8160",0.501466,0.5201964,0.5372331,5.714449,4.614617,5.164533,55,65.16666,39.86111,64.35185,36.5,40,0.5758333,6.001781,"Food and related products machine operators"
"8170",0.4940278,0.4882166,0.532086,5.544835,4.518924,5.031879,53.25,64,37.5,59.41667,42.25,40,0.5758333,6.001781,"Wood processing and papermaking plant operators"
"8171",0.4913889,0.4986689,0.5301011,5.580235,4.56143,5.070832,60,63.5,33.5,59.83334,38,40,0.5758333,6.001781,"Pulp and papermaking plant operators"
"8172",0.4966667,0.4777643,0.5340708,5.509436,4.476417,4.992927,46.5,64.5,41.5,59,46.5,40,0.5758333,6.001781,"Wood processing plant operators"
"8180",0.5355162,0.509075,0.5371348,5.653369,4.370798,5.012084,52.04792,70.36667,47.27292,68.62222,39.08333,43.91667,0.5758333,6.001781,"Other stationary plant and machine operators"
"8181",0.5102593,0.4972216,0.5336912,5.59065,4.464967,5.027808,54.06667,68.96667,39.71667,65.65556,37.08333,40.66667,0.5758333,6.001781,"Glass and ceramics plant operators"
"8182",0.6002778,0.5364224,0.5451916,5.807737,4.117041,4.962389,50,68,66.5,75.66666,40,60,0.5758333,6.001781,"Steam engine and boiler operators"
"8183",0.5216666,0.4995335,0.5319788,5.593467,4.404856,4.999161,50,76,38.5,68,40.5,40,0.5758333,6.001781,"Packing, bottling and labelling machine operators"
"8189",0.5098611,0.5031224,0.5376778,5.621622,4.49633,5.058976,54.125,68.5,44.375,65.16666,38.75,35,0.5758333,6.001781,"Stationary plant and machine operators not elsewhere classified"
"8200",0.4921358,0.5119921,0.5452059,5.691918,4.653812,5.172865,55.73889,55.71111,36.88889,59.28148,47.66111,40,0.5758333,6.001781,"Assemblers"
"8210",0.4921358,0.5119921,0.5452059,5.691918,4.653812,5.172865,55.73889,55.71111,36.88889,59.28148,47.66111,40,0.5758333,6.001781,"Assemblers"
"8211",0.5177778,0.5016631,0.5410892,5.623352,4.450577,5.036964,58,59.25,42,63.66667,47.75,40,0.5758333,6.001781,"Mechanical machinery assemblers"
"8212",0.4703889,0.5229995,0.5521508,5.777974,4.849009,5.313491,50.3,51.3,32,58.73333,49.9,40,0.5758333,6.001781,"Electrical and electronic equipment assemblers"
"8219",0.4882408,0.5113138,0.5423776,5.674428,4.661852,5.16814,58.91666,56.58334,36.66666,55.44444,45.33334,40,0.5758333,6.001781,"Assemblers not elsewhere classified"
"8300",0.5861098,0.5110155,0.5496756,5.714913,4.127616,4.921265,56.9824,69.45779,65.3208,73.54185,48.18123,38.18182,0.5758333,6.001781,"Drivers and mobile plant operators"
"8310",0.6033846,0.518153,0.5515416,5.760273,4.061422,4.910848,56.68155,77.95535,65.30357,76.14682,45.94345,40,0.5758333,6.001781,"Locomotive engine drivers and related workers"
"8311",0.5952315,0.5096923,0.552694,5.73995,4.092118,4.916034,57.41667,77.75,62.25,73.88889,45.83333,40,0.5758333,6.001781,"Locomotive engine drivers"
"8312",0.6115377,0.5266137,0.5503892,5.780596,4.030725,4.905661,55.94643,78.16071,68.35715,78.40476,46.05357,40,0.5758333,6.001781,"Railway brake, signal and switch operators"
"8320",0.5787333,0.5269358,0.5467234,5.752763,4.194176,4.97347,58.54667,61.95,67.17333,71.06667,48.50333,40,0.5758333,6.001781,"Car, van and motorcycle drivers"
"8321",0.5788333,0.5318921,0.5477517,5.779253,4.21203,4.995642,58.43333,67,61.96667,71.33334,48.56667,40,0.5758333,6.001781,"Motorcycle drivers"
"8322",0.5786334,0.5219796,0.5456951,5.726273,4.176322,4.951297,58.66,56.9,72.38,70.8,48.44,40,0.5758333,6.001781,"Car, taxi and van drivers"
"8330",0.576875,0.5260231,0.5591071,5.826968,4.260036,5.043502,55.75,66.5625,63.4375,76,44.375,40,0.5758333,6.001781,"Heavy truck and bus drivers"
"8331",0.5483333,0.5230318,0.5623406,5.845283,4.44014,5.142711,54,60.125,64.625,73,37.25,40,0.5758333,6.001781,"Bus and tram drivers"
"8332",0.6054167,0.5290146,0.5558736,5.808654,4.079931,4.944293,57.5,73,62.25,79,51.5,40,0.5758333,6.001781,"Heavy truck and lorry drivers"
"8340",0.5735903,0.4993931,0.5459777,5.652146,4.153166,4.902656,55.775,70.775,60.8625,72.34167,49.4,35,0.5758333,6.001781,"Mobile plant operators"
"8341",0.4979166,0.4749787,0.5441843,5.550276,4.501364,5.02582,46.5,65.25,54.25,64,48.75,20,0.5758333,6.001781,"Mobile farm and forestry plant operators"
"8342",0.6112778,0.4738899,0.5437775,5.543504,3.867848,4.705676,58.4,70.6,73.1,74.26666,50.4,40,0.5758333,6.001781,"Earthmoving and related plant operators"
"8343",0.5748889,0.5271794,0.5453116,5.762412,4.230907,4.996659,59.7,67.5,57.6,72.93333,47.2,40,0.5758333,6.001781,"Crane, hoist and related plant operators"
"8344",0.6102778,0.5215245,0.5506371,5.752392,4.012544,4.882468,58.5,79.75,58.5,78.16667,51.25,40,0.5758333,6.001781,"Lifting truck operators"
"8350",0.6348611,0.4813743,0.5477769,5.575459,3.759851,4.667655,61.75,68,83.25,73.16667,54.75,40,0.5758333,6.001781,"Ships’ deck crews and related workers"
"9000",0.5242514,0.4969427,0.5240735,5.507444,4.320834,4.914139,53.18456,58.32052,58.47908,60.95537,48.50348,35.10783,0.5758333,6.001781,"Elementary occupations"
"9100",0.4654059,0.4733872,0.5111408,5.332552,4.495408,4.91398,48.75278,58.03611,41.65278,50.3463,50.56667,29.88889,0.5758333,6.001781,"Cleaners and helpers"
"9110",0.425787,0.4897288,0.505828,5.359294,4.735154,5.047224,48.08334,52.58334,34.83334,46.05556,47.25,26.66667,0.5758333,6.001781,"Domestic, hotel and office cleaners and helpers"
"9111",0.3777778,0.4978143,0.501429,5.367166,4.998919,5.183043,49,47,29,38.66667,43,20,0.5758333,6.001781,"Domestic cleaners and helpers"
"9112",0.4737963,0.4816434,0.510227,5.351422,4.47139,4.911406,47.16667,58.16667,40.66667,53.44445,51.5,33.33333,0.5758333,6.001781,"Cleaners and helpers in offices, hotels and other establishments"
"9120",0.4852153,0.4652164,0.5137972,5.319181,4.375535,4.847358,49.0875,60.7625,45.0625,52.49167,52.225,31.5,0.5758333,6.001781,"Vehicle, window, laundry and other hand cleaning workers"
"9121",0.37,0.4273598,0.5067797,5.155579,4.841948,4.998764,50,53,25,29,45,20,0.5758333,6.001781,"Hand launderers and pressers"
"9122",0.5291666,0.4546283,0.5188797,5.299895,4.133918,4.716907,41.5,64.5,51.5,62,58,40,0.5758333,6.001781,"Vehicle cleaners"
"9123",0.5144445,0.4924877,0.5103725,5.387205,4.281332,4.834268,51,63,41.5,59.66667,53.5,40,0.5758333,6.001781,"Window cleaners"
"9129",0.52725,0.4863899,0.5191568,5.434045,4.24494,4.839492,53.85,62.55,62.25,59.3,52.4,26,0.5758333,6.001781,"Other cleaning workers"
"9200",0.520598,0.4759785,0.5264453,5.435317,4.281122,4.85822,48.03241,56.70949,69.55209,57.69444,50.0463,30.32407,0.5758333,6.001781,"Agricultural, forestry and fishery labourers"
"9210",0.520598,0.4759785,0.5264453,5.435317,4.281122,4.85822,48.03241,56.70949,69.55209,57.69444,50.0463,30.32407,0.5758333,6.001781,"Agricultural, forestry and fishery labourers"
"9211",0.4728472,0.4711239,0.5207413,5.385233,4.501843,4.943539,49.45313,50.625,67.48438,46.33333,46.6875,23.125,0.5758333,6.001781,"Crop farm labourers"
"9212",0.515625,0.4858198,0.5295634,5.496937,4.359926,4.928432,44.20313,55.625,68.73438,57,50.6875,33.125,0.5758333,6.001781,"Livestock farm labourers"
"9213",0.4970833,0.4783612,0.5245313,5.435138,4.410078,4.922608,46.96875,53.25,68.65625,52,48.625,28.75,0.5758333,6.001781,"Mixed crop and livestock farm labourers"
"9214",0.4993519,0.45825,0.5156001,5.297286,4.28695,4.792118,47.44444,55.44444,77.5,51,43.77778,24.44444,0.5758333,6.001781,"Garden and horticultural labourers"
"9215",0.6114583,0.4875625,0.5391508,5.553598,3.872925,4.713262,57.375,71.8125,64.6875,73,57.5,42.5,0.5758333,6.001781,"Forestry labourers"
"9216",0.5272222,0.4747535,0.5290847,5.443712,4.255008,4.84936,42.75,53.5,70.25,66.83334,53,30,0.5758333,6.001781,"Fishery and aquaculture labourers"
"9300",0.5600982,0.4885677,0.5242851,5.483456,4.107805,4.79563,57.60887,64.47572,61.95448,64.95106,46.85374,40.21505,0.5758333,6.001781,"Labourers in mining, construction, manufacturing and transport"
"9310",0.6079605,0.4596575,0.5224323,5.348001,3.745667,4.546834,59.04882,71.17119,79.44181,68.33467,49.03146,37.74832,0.5758333,6.001781,"Mining and construction labourers"
"9311",0.6446086,0.4645659,0.5296096,5.421518,3.601741,4.51163,62.59091,76.20454,81.36363,74.74242,54.59091,37.27273,0.5758333,6.001781,"Mining and quarrying labourers"
"9312",0.6142439,0.4617031,0.5243506,5.369333,3.727886,4.54861,59.72222,72.86111,82.97222,68.46297,45.63889,38.88889,0.5758333,6.001781,"Civil engineering labourers"
"9313",0.5650289,0.4527034,0.5133368,5.253151,3.907375,4.580263,54.83333,64.44791,73.98959,61.79861,46.86458,37.08333,0.5758333,6.001781,"Building construction labourers"
"9320",0.491088,0.479015,0.5114921,5.386431,4.408381,4.897406,51.85417,60.60417,42.89583,56.56944,41.0625,41.66666,0.5758333,6.001781,"Manufacturing labourers"
"9321",0.4941667,0.4838997,0.5014709,5.352308,4.362131,4.857219,54,65.5,40.5,54,42.5,40,0.5758333,6.001781,"Hand packers"
"9329",0.4880092,0.4741303,0.5215133,5.420554,4.454631,4.937593,49.70834,55.70834,45.29166,59.13889,39.625,43.33333,0.5758333,6.001781,"Manufacturing labourers not elsewhere classified"
"9330",0.5587066,0.5150266,0.5320711,5.63356,4.229121,4.93134,59.40625,61.38988,58.36831,66.60416,48.11607,41.33929,0.5758333,6.001781,"Transport and storage labourers"
"9331",0.5572222,0.5046184,0.5362481,5.615288,4.226705,4.920996,54.5,63.27381,60.58929,67.41666,46.41071,42.14286,0.5758333,6.001781,"Hand and pedal vehicle drivers"
"9332",0.5630555,0.5033809,0.5380594,5.621805,4.201085,4.911445,54.5,63.91071,63.13393,67.95833,45.11607,43.21429,0.5758333,6.001781,"Drivers of animal-drawn vehicles and machinery"
"9333",0.6287153,0.5108455,0.5327414,5.617035,3.812071,4.714553,64.125,75.875,69.25,77.04166,50.9375,40,0.5758333,6.001781,"Freight handlers"
"9334",0.4858333,0.5412617,0.5212356,5.68011,4.676623,5.178367,64.5,42.5,40.5,54,50,40,0.5758333,6.001781,"Shelf fillers"
"9400",0.4726996,0.5121667,0.5145235,5.532125,4.620651,5.076388,62.35938,60.15625,42.92188,53.13541,39.42188,25.625,0.5758333,6.001781,"Food preparation assistants"
"9410",0.4726996,0.5121667,0.5145235,5.532125,4.620651,5.076388,62.35938,60.15625,42.92188,53.13541,39.42188,25.625,0.5758333,6.001781,"Food preparation assistants"
"9411",0.4919444,0.5450455,0.5264843,5.740109,4.690097,5.215103,68.5,64.75,38.75,56.16666,37,30,0.5758333,6.001781,"Fast food preparers"
"9412",0.4534549,0.4792879,0.5025626,5.324141,4.551204,4.937673,56.21875,55.5625,47.09375,50.10416,41.84375,21.25,0.5758333,6.001781,"Kitchen helpers"
"9500",0.5173215,0.643185,0.5390247,6.156017,4.896514,5.526266,65.85715,41.94643,47.91071,58.14286,60.82143,35.71429,0.5758333,6.001781,"Street and related sales and services workers"
"9510",0.5801984,0.5709444,0.5218305,5.778424,4.208606,4.993515,58.21429,60.39286,54.32143,64.61905,59.14286,51.42857,0.5758333,6.001781,"Street and related services workers"
"9520",0.4544445,0.7154257,0.5562189,6.533611,5.584422,6.059017,73.5,23.5,41.5,51.66667,62.5,20,0.5758333,6.001781,"Street vendors (excluding food)"
"9600",0.5454184,0.4993876,0.5304059,5.551383,4.240472,4.895928,49.93333,56.45208,65.41563,69.52084,46.84583,39.08333,0.5758333,6.001781,"Refuse workers and other elementary workers"
"9610",0.5650463,0.4933034,0.5335512,5.534173,4.110125,4.822149,48.36111,58.61111,67.66666,78.33334,48.27778,37.77778,0.5758333,6.001781,"Refuse workers"
"9611",0.5873611,0.5349054,0.548009,5.778382,4.156321,4.967351,54.25,68,61.5,80.66667,48,40,0.5758333,6.001781,"Garbage and recycling collectors"
"9612",0.5422223,0.4779601,0.5319467,5.456093,4.18452,4.820306,42,46,65.5,86.33334,45.5,40,0.5758333,6.001781,"Refuse sorters"
"9613",0.5655556,0.4670449,0.520698,5.368045,3.989535,4.67879,48.83333,61.83333,76,68,51.33333,33.33333,0.5758333,6.001781,"Sweepers and related labourers"
"9620",0.5336417,0.5030381,0.5285188,5.561709,4.318681,4.940195,50.87667,55.15667,64.065,64.23334,45.98667,39.86666,0.5758333,6.001781,"Other elementary workers"
"9621",0.5683334,0.5074533,0.5188406,5.531734,4.099699,4.815716,50.5,62.25,71,67.5,49.75,40,0.5758333,6.001781,"Messengers, package deliverers and luggage porters"
"9622",0.6059028,0.4881778,0.5346247,5.535397,3.888795,4.712096,58.33333,71.83334,70.875,71.83334,47.33333,43.33333,0.5758333,6.001781,"Odd-job persons"
"9623",0.4948611,0.5056515,0.5435907,5.65239,4.604277,5.128333,37.75,45.5,63.25,64.16667,46.25,40,0.5758333,6.001781,"Meter readers and vending-machine collectors"
"9624",0.5344445,0.4577875,0.5093408,5.264157,4.078259,4.671208,50,54.5,64,65.66666,46.5,40,0.5758333,6.001781,"Water and firewood collectors"
"9629",0.4646666,0.5561205,0.5361974,5.824871,4.922375,5.373623,57.8,41.7,51.2,52,40.1,36,0.5758333,6.001781,"Elementary workers not elsewhere classified"
